-- phpMyAdmin SQL Dump
-- version 5.2.1
-- https://www.phpmyadmin.net/
--
-- Servidor: 127.0.0.1:3307
-- Tiempo de generación: 09-03-2024 a las 22:04:58
-- Versión del servidor: 10.4.28-MariaDB
-- Versión de PHP: 8.2.4

SET SQL_MODE = "NO_AUTO_VALUE_ON_ZERO";
START TRANSACTION;
SET time_zone = "+00:00";


/*!40101 SET @OLD_CHARACTER_SET_CLIENT=@@CHARACTER_SET_CLIENT */;
/*!40101 SET @OLD_CHARACTER_SET_RESULTS=@@CHARACTER_SET_RESULTS */;
/*!40101 SET @OLD_COLLATION_CONNECTION=@@COLLATION_CONNECTION */;
/*!40101 SET NAMES utf8mb4 */;

--
-- Base de datos: `oacurso`
--

-- --------------------------------------------------------

--
-- Estructura de tabla para la tabla `admin_menu`
--

CREATE TABLE `admin_menu` (
  `id` int(10) UNSIGNED NOT NULL,
  `parent_id` int(11) NOT NULL DEFAULT 0,
  `order` int(11) NOT NULL DEFAULT 0,
  `title` varchar(50) NOT NULL,
  `icon` varchar(50) NOT NULL,
  `uri` varchar(191) DEFAULT NULL,
  `permission` varchar(191) DEFAULT NULL,
  `created_at` timestamp NULL DEFAULT NULL,
  `updated_at` timestamp NULL DEFAULT NULL
) ENGINE=InnoDB DEFAULT CHARSET=utf8mb4 COLLATE=utf8mb4_unicode_ci;

--
-- Volcado de datos para la tabla `admin_menu`
--

INSERT INTO `admin_menu` (`id`, `parent_id`, `order`, `title`, `icon`, `uri`, `permission`, `created_at`, `updated_at`) VALUES
(1, 0, 1, 'Dashboard', 'icon-chart-bar', '/', NULL, NULL, NULL),
(2, 0, 2, 'Admin', 'icon-server', '', NULL, NULL, NULL),
(3, 2, 3, 'Users', 'icon-users', 'auth/users', NULL, NULL, NULL),
(4, 2, 4, 'Roles', 'icon-user', 'auth/roles', NULL, NULL, NULL),
(5, 2, 5, 'Permission', 'icon-ban', 'auth/permissions', NULL, NULL, NULL),
(6, 2, 6, 'Menu', 'icon-bars', 'auth/menu', NULL, NULL, NULL),
(7, 2, 7, 'Operation log', 'icon-history', 'auth/logs', NULL, NULL, NULL),
(8, 0, 7, 'Helpers', 'icon-cogs', '', NULL, '2024-03-04 00:26:13', '2024-03-04 00:26:13'),
(9, 8, 8, 'Scaffold', 'icon-keyboard', 'helpers/scaffold', NULL, '2024-03-04 00:26:13', '2024-03-04 00:26:13'),
(10, 8, 9, 'Database terminal', 'icon-database', 'helpers/terminal/database', NULL, '2024-03-04 00:26:13', '2024-03-04 00:26:13'),
(11, 8, 10, 'Laravel artisan', 'icon-terminal', 'helpers/terminal/artisan', NULL, '2024-03-04 00:26:13', '2024-03-04 00:26:13'),
(12, 8, 11, 'Routes', 'icon-list-alt', 'helpers/routes', NULL, '2024-03-04 00:26:13', '2024-03-04 00:26:13'),
(14, 0, 11, 'Products', 'icon-file', 'products', NULL, '2024-03-04 01:17:59', '2024-03-04 01:17:59');

-- --------------------------------------------------------

--
-- Estructura de tabla para la tabla `admin_operation_log`
--

CREATE TABLE `admin_operation_log` (
  `id` int(10) UNSIGNED NOT NULL,
  `user_id` int(11) NOT NULL,
  `path` varchar(191) NOT NULL,
  `method` varchar(10) NOT NULL,
  `ip` varchar(191) NOT NULL,
  `input` text NOT NULL,
  `created_at` timestamp NULL DEFAULT NULL,
  `updated_at` timestamp NULL DEFAULT NULL
) ENGINE=InnoDB DEFAULT CHARSET=utf8mb4 COLLATE=utf8mb4_unicode_ci;

--
-- Volcado de datos para la tabla `admin_operation_log`
--

INSERT INTO `admin_operation_log` (`id`, `user_id`, `path`, `method`, `ip`, `input`, `created_at`, `updated_at`) VALUES
(1, 1, 'admin', 'GET', '127.0.0.1', '[]', '2024-03-04 00:20:35', '2024-03-04 00:20:35'),
(2, 1, 'admin/auth/users', 'GET', '127.0.0.1', '[]', '2024-03-04 00:21:17', '2024-03-04 00:21:17'),
(3, 1, 'admin/auth/users/create', 'GET', '127.0.0.1', '[]', '2024-03-04 00:21:48', '2024-03-04 00:21:48'),
(4, 1, 'admin/auth/users/create', 'GET', '127.0.0.1', '[]', '2024-03-04 00:24:54', '2024-03-04 00:24:54'),
(5, 1, 'admin/auth/users/create', 'GET', '127.0.0.1', '[]', '2024-03-04 00:26:47', '2024-03-04 00:26:47'),
(6, 1, 'admin/helpers/scaffold', 'GET', '127.0.0.1', '[]', '2024-03-04 00:27:55', '2024-03-04 00:27:55'),
(7, 1, 'admin/helpers/scaffold', 'POST', '127.0.0.1', '{\"table_name\":\"product\",\"model_name\":\"App\\\\Models\\\\\",\"controller_name\":\"App\\\\Admin\\\\Controllers\\\\\",\"create\":[\"migration\",\"model\",\"controller\",\"migrate\",\"menu_item\"],\"fields\":[{\"name\":null,\"type\":\"string\",\"nullable\":\"on\",\"key\":null,\"default\":null,\"comment\":null}],\"timestamps\":\"on\",\"primary_key\":\"id\",\"_token\":\"1if8LCB6ZEENiGoj6oYJkVUIPX8Sast1Tme6pZB4\"}', '2024-03-04 00:28:25', '2024-03-04 00:28:25'),
(8, 1, 'admin/helpers/scaffold', 'GET', '127.0.0.1', '[]', '2024-03-04 00:28:26', '2024-03-04 00:28:26'),
(9, 1, 'admin/helpers/scaffold', 'POST', '127.0.0.1', '{\"table_name\":\"product\",\"model_name\":\"App\\\\Models\\\\product\",\"controller_name\":\"App\\\\Admin\\\\Controllers\\\\\",\"create\":[\"migration\",\"model\",\"controller\",\"migrate\",\"menu_item\"],\"fields\":[{\"name\":null,\"type\":\"string\",\"nullable\":\"on\",\"key\":null,\"default\":null,\"comment\":null}],\"timestamps\":\"on\",\"primary_key\":\"id\",\"_token\":\"1if8LCB6ZEENiGoj6oYJkVUIPX8Sast1Tme6pZB4\"}', '2024-03-04 00:29:12', '2024-03-04 00:29:12'),
(10, 1, 'admin/helpers/scaffold', 'GET', '127.0.0.1', '[]', '2024-03-04 00:29:13', '2024-03-04 00:29:13'),
(11, 1, 'admin/helpers/scaffold', 'POST', '127.0.0.1', '{\"table_name\":\"product\",\"model_name\":\"App\\\\Models\\\\product\",\"controller_name\":\"App\\\\Admin\\\\Controllers\\\\product\",\"create\":[\"migration\",\"model\",\"controller\",\"migrate\",\"menu_item\"],\"fields\":[{\"name\":\"description\",\"type\":\"string\",\"nullable\":\"on\",\"key\":null,\"default\":null,\"comment\":null},{\"name\":\"price\",\"type\":\"decimal\",\"nullable\":\"on\",\"key\":null,\"default\":null,\"comment\":null},{\"name\":\"stock\",\"type\":\"integer\",\"nullable\":\"on\",\"key\":null,\"default\":null,\"comment\":null},{\"name\":\"image\",\"type\":\"string\",\"nullable\":\"on\",\"key\":null,\"default\":null,\"comment\":null}],\"timestamps\":\"on\",\"primary_key\":\"id\",\"_token\":\"1if8LCB6ZEENiGoj6oYJkVUIPX8Sast1Tme6pZB4\"}', '2024-03-04 00:32:14', '2024-03-04 00:32:14'),
(12, 1, 'admin/helpers/scaffold', 'GET', '127.0.0.1', '[]', '2024-03-04 00:32:14', '2024-03-04 00:32:14'),
(13, 1, 'admin/helpers/scaffold', 'GET', '127.0.0.1', '[]', '2024-03-04 00:39:04', '2024-03-04 00:39:04'),
(14, 1, 'admin/products', 'GET', '127.0.0.1', '[]', '2024-03-04 00:39:11', '2024-03-04 00:39:11'),
(15, 1, 'admin/products', 'GET', '127.0.0.1', '[]', '2024-03-04 00:39:12', '2024-03-04 00:39:12'),
(16, 1, 'admin/products', 'GET', '127.0.0.1', '[]', '2024-03-04 00:39:13', '2024-03-04 00:39:13'),
(17, 1, 'admin/products', 'GET', '127.0.0.1', '[]', '2024-03-04 00:39:14', '2024-03-04 00:39:14'),
(18, 1, 'admin/products', 'GET', '127.0.0.1', '[]', '2024-03-04 00:39:14', '2024-03-04 00:39:14'),
(19, 1, 'admin/products', 'GET', '127.0.0.1', '[]', '2024-03-04 00:39:15', '2024-03-04 00:39:15'),
(20, 1, 'admin/products', 'GET', '127.0.0.1', '[]', '2024-03-04 00:39:16', '2024-03-04 00:39:16'),
(21, 1, 'admin/products', 'GET', '127.0.0.1', '[]', '2024-03-04 00:39:16', '2024-03-04 00:39:16'),
(22, 1, 'admin/products', 'GET', '127.0.0.1', '[]', '2024-03-04 00:39:17', '2024-03-04 00:39:17'),
(23, 1, 'admin/products', 'GET', '127.0.0.1', '[]', '2024-03-04 00:39:17', '2024-03-04 00:39:17'),
(24, 1, 'admin/products', 'GET', '127.0.0.1', '[]', '2024-03-04 00:39:18', '2024-03-04 00:39:18'),
(25, 1, 'admin/products', 'GET', '127.0.0.1', '[]', '2024-03-04 00:39:19', '2024-03-04 00:39:19'),
(26, 1, 'admin/products', 'GET', '127.0.0.1', '[]', '2024-03-04 00:39:19', '2024-03-04 00:39:19'),
(27, 1, 'admin/products', 'GET', '127.0.0.1', '[]', '2024-03-04 00:39:20', '2024-03-04 00:39:20'),
(28, 1, 'admin/products', 'GET', '127.0.0.1', '[]', '2024-03-04 00:39:21', '2024-03-04 00:39:21'),
(29, 1, 'admin/products', 'GET', '127.0.0.1', '[]', '2024-03-04 00:39:21', '2024-03-04 00:39:21'),
(30, 1, 'admin/products', 'GET', '127.0.0.1', '[]', '2024-03-04 00:39:22', '2024-03-04 00:39:22'),
(31, 1, 'admin/products', 'GET', '127.0.0.1', '[]', '2024-03-04 00:39:22', '2024-03-04 00:39:22'),
(32, 1, 'admin/products', 'GET', '127.0.0.1', '[]', '2024-03-04 00:39:23', '2024-03-04 00:39:23'),
(33, 1, 'admin/products', 'GET', '127.0.0.1', '[]', '2024-03-04 00:39:24', '2024-03-04 00:39:24'),
(34, 1, 'admin/products', 'GET', '127.0.0.1', '[]', '2024-03-04 00:39:24', '2024-03-04 00:39:24'),
(35, 1, 'admin/products', 'GET', '127.0.0.1', '[]', '2024-03-04 00:39:32', '2024-03-04 00:39:32'),
(36, 1, 'admin/products', 'GET', '127.0.0.1', '[]', '2024-03-04 00:39:33', '2024-03-04 00:39:33'),
(37, 1, 'admin/products', 'GET', '127.0.0.1', '[]', '2024-03-04 00:39:33', '2024-03-04 00:39:33'),
(38, 1, 'admin/products', 'GET', '127.0.0.1', '[]', '2024-03-04 00:39:34', '2024-03-04 00:39:34'),
(39, 1, 'admin/products', 'GET', '127.0.0.1', '[]', '2024-03-04 00:39:34', '2024-03-04 00:39:34'),
(40, 1, 'admin/products', 'GET', '127.0.0.1', '[]', '2024-03-04 00:39:35', '2024-03-04 00:39:35'),
(41, 1, 'admin/products', 'GET', '127.0.0.1', '[]', '2024-03-04 00:39:36', '2024-03-04 00:39:36'),
(42, 1, 'admin/products', 'GET', '127.0.0.1', '[]', '2024-03-04 00:39:36', '2024-03-04 00:39:36'),
(43, 1, 'admin/products', 'GET', '127.0.0.1', '[]', '2024-03-04 00:39:37', '2024-03-04 00:39:37'),
(44, 1, 'admin/products', 'GET', '127.0.0.1', '[]', '2024-03-04 00:39:37', '2024-03-04 00:39:37'),
(45, 1, 'admin/products', 'GET', '127.0.0.1', '[]', '2024-03-04 00:39:42', '2024-03-04 00:39:42'),
(46, 1, 'admin', 'GET', '127.0.0.1', '[]', '2024-03-04 00:40:05', '2024-03-04 00:40:05'),
(47, 1, 'admin/products', 'GET', '127.0.0.1', '[]', '2024-03-04 00:40:11', '2024-03-04 00:40:11'),
(48, 1, 'admin/products', 'GET', '127.0.0.1', '[]', '2024-03-04 00:40:12', '2024-03-04 00:40:12'),
(49, 1, 'admin/products', 'GET', '127.0.0.1', '[]', '2024-03-04 00:40:13', '2024-03-04 00:40:13'),
(50, 1, 'admin/products', 'GET', '127.0.0.1', '[]', '2024-03-04 00:40:13', '2024-03-04 00:40:13'),
(51, 1, 'admin/products', 'GET', '127.0.0.1', '[]', '2024-03-04 00:40:14', '2024-03-04 00:40:14'),
(52, 1, 'admin/products', 'GET', '127.0.0.1', '[]', '2024-03-04 00:40:14', '2024-03-04 00:40:14'),
(53, 1, 'admin/products', 'GET', '127.0.0.1', '[]', '2024-03-04 00:40:15', '2024-03-04 00:40:15'),
(54, 1, 'admin/products', 'GET', '127.0.0.1', '[]', '2024-03-04 00:40:16', '2024-03-04 00:40:16'),
(55, 1, 'admin/products', 'GET', '127.0.0.1', '[]', '2024-03-04 00:40:16', '2024-03-04 00:40:16'),
(56, 1, 'admin/products', 'GET', '127.0.0.1', '[]', '2024-03-04 00:40:17', '2024-03-04 00:40:17'),
(57, 1, 'admin/products', 'GET', '127.0.0.1', '[]', '2024-03-04 00:40:18', '2024-03-04 00:40:18'),
(58, 1, 'admin/products', 'GET', '127.0.0.1', '[]', '2024-03-04 00:40:18', '2024-03-04 00:40:18'),
(59, 1, 'admin/products', 'GET', '127.0.0.1', '[]', '2024-03-04 00:40:19', '2024-03-04 00:40:19'),
(60, 1, 'admin/products', 'GET', '127.0.0.1', '[]', '2024-03-04 00:40:19', '2024-03-04 00:40:19'),
(61, 1, 'admin/products', 'GET', '127.0.0.1', '[]', '2024-03-04 00:40:20', '2024-03-04 00:40:20'),
(62, 1, 'admin/products', 'GET', '127.0.0.1', '[]', '2024-03-04 00:40:21', '2024-03-04 00:40:21'),
(63, 1, 'admin/products', 'GET', '127.0.0.1', '[]', '2024-03-04 00:40:21', '2024-03-04 00:40:21'),
(64, 1, 'admin/products', 'GET', '127.0.0.1', '[]', '2024-03-04 00:40:22', '2024-03-04 00:40:22'),
(65, 1, 'admin/products', 'GET', '127.0.0.1', '[]', '2024-03-04 00:40:23', '2024-03-04 00:40:23'),
(66, 1, 'admin/products', 'GET', '127.0.0.1', '[]', '2024-03-04 00:40:23', '2024-03-04 00:40:23'),
(67, 1, 'admin/products', 'GET', '127.0.0.1', '[]', '2024-03-04 00:40:24', '2024-03-04 00:40:24'),
(68, 1, 'admin/products', 'GET', '127.0.0.1', '[]', '2024-03-04 00:40:32', '2024-03-04 00:40:32'),
(69, 1, 'admin/products', 'GET', '127.0.0.1', '[]', '2024-03-04 00:40:33', '2024-03-04 00:40:33'),
(70, 1, 'admin/products', 'GET', '127.0.0.1', '[]', '2024-03-04 00:40:33', '2024-03-04 00:40:33'),
(71, 1, 'admin/products', 'GET', '127.0.0.1', '[]', '2024-03-04 00:40:34', '2024-03-04 00:40:34'),
(72, 1, 'admin/products', 'GET', '127.0.0.1', '[]', '2024-03-04 00:40:34', '2024-03-04 00:40:34'),
(73, 1, 'admin/products', 'GET', '127.0.0.1', '[]', '2024-03-04 00:40:35', '2024-03-04 00:40:35'),
(74, 1, 'admin/products', 'GET', '127.0.0.1', '[]', '2024-03-04 00:40:36', '2024-03-04 00:40:36'),
(75, 1, 'admin/products', 'GET', '127.0.0.1', '[]', '2024-03-04 00:40:36', '2024-03-04 00:40:36'),
(76, 1, 'admin/products', 'GET', '127.0.0.1', '[]', '2024-03-04 00:40:37', '2024-03-04 00:40:37'),
(77, 1, 'admin/products', 'GET', '127.0.0.1', '[]', '2024-03-04 00:40:38', '2024-03-04 00:40:38'),
(78, 1, 'admin/products', 'GET', '127.0.0.1', '[]', '2024-03-04 00:40:38', '2024-03-04 00:40:38'),
(79, 1, 'admin/products', 'GET', '127.0.0.1', '[]', '2024-03-04 00:40:39', '2024-03-04 00:40:39'),
(80, 1, 'admin/products', 'GET', '127.0.0.1', '[]', '2024-03-04 00:40:39', '2024-03-04 00:40:39'),
(81, 1, 'admin/products', 'GET', '127.0.0.1', '[]', '2024-03-04 00:40:40', '2024-03-04 00:40:40'),
(82, 1, 'admin/products', 'GET', '127.0.0.1', '[]', '2024-03-04 00:40:41', '2024-03-04 00:40:41'),
(83, 1, 'admin/products', 'GET', '127.0.0.1', '[]', '2024-03-04 00:40:41', '2024-03-04 00:40:41'),
(84, 1, 'admin/products', 'GET', '127.0.0.1', '[]', '2024-03-04 00:40:42', '2024-03-04 00:40:42'),
(85, 1, 'admin/products', 'GET', '127.0.0.1', '[]', '2024-03-04 00:40:43', '2024-03-04 00:40:43'),
(86, 1, 'admin/products', 'GET', '127.0.0.1', '[]', '2024-03-04 00:40:43', '2024-03-04 00:40:43'),
(87, 1, 'admin/products', 'GET', '127.0.0.1', '[]', '2024-03-04 00:40:44', '2024-03-04 00:40:44'),
(88, 1, 'admin/products', 'GET', '127.0.0.1', '[]', '2024-03-04 00:40:44', '2024-03-04 00:40:44'),
(89, 1, 'admin/products', 'GET', '127.0.0.1', '[]', '2024-03-04 00:40:45', '2024-03-04 00:40:45'),
(90, 1, 'admin/products', 'GET', '127.0.0.1', '[]', '2024-03-04 00:40:46', '2024-03-04 00:40:46'),
(91, 1, 'admin/products', 'GET', '127.0.0.1', '[]', '2024-03-04 00:40:46', '2024-03-04 00:40:46'),
(92, 1, 'admin/products', 'GET', '127.0.0.1', '[]', '2024-03-04 00:40:47', '2024-03-04 00:40:47'),
(93, 1, 'admin/products', 'GET', '127.0.0.1', '[]', '2024-03-04 00:40:48', '2024-03-04 00:40:48'),
(94, 1, 'admin/products', 'GET', '127.0.0.1', '[]', '2024-03-04 00:40:48', '2024-03-04 00:40:48'),
(95, 1, 'admin/products', 'GET', '127.0.0.1', '[]', '2024-03-04 00:40:49', '2024-03-04 00:40:49'),
(96, 1, 'admin/products', 'GET', '127.0.0.1', '[]', '2024-03-04 00:40:49', '2024-03-04 00:40:49'),
(97, 1, 'admin/products', 'GET', '127.0.0.1', '[]', '2024-03-04 00:40:50', '2024-03-04 00:40:50'),
(98, 1, 'admin/products', 'GET', '127.0.0.1', '[]', '2024-03-04 00:40:51', '2024-03-04 00:40:51'),
(99, 1, 'admin/products', 'GET', '127.0.0.1', '[]', '2024-03-04 00:40:52', '2024-03-04 00:40:52'),
(100, 1, 'admin/products', 'GET', '127.0.0.1', '[]', '2024-03-04 00:40:52', '2024-03-04 00:40:52'),
(101, 1, 'admin/products', 'GET', '127.0.0.1', '[]', '2024-03-04 00:40:53', '2024-03-04 00:40:53'),
(102, 1, 'admin/products', 'GET', '127.0.0.1', '[]', '2024-03-04 00:40:53', '2024-03-04 00:40:53'),
(103, 1, 'admin/products', 'GET', '127.0.0.1', '[]', '2024-03-04 00:40:54', '2024-03-04 00:40:54'),
(104, 1, 'admin/products', 'GET', '127.0.0.1', '[]', '2024-03-04 00:40:55', '2024-03-04 00:40:55'),
(105, 1, 'admin/products', 'GET', '127.0.0.1', '[]', '2024-03-04 00:40:55', '2024-03-04 00:40:55'),
(106, 1, 'admin/products', 'GET', '127.0.0.1', '[]', '2024-03-04 00:40:56', '2024-03-04 00:40:56'),
(107, 1, 'admin/products', 'GET', '127.0.0.1', '[]', '2024-03-04 00:40:57', '2024-03-04 00:40:57'),
(108, 1, 'admin/products', 'GET', '127.0.0.1', '[]', '2024-03-04 00:40:57', '2024-03-04 00:40:57'),
(109, 1, 'admin/products', 'GET', '127.0.0.1', '[]', '2024-03-04 00:40:58', '2024-03-04 00:40:58'),
(110, 1, 'admin/products', 'GET', '127.0.0.1', '[]', '2024-03-04 00:43:23', '2024-03-04 00:43:23'),
(111, 1, 'admin/products', 'GET', '127.0.0.1', '[]', '2024-03-04 00:43:26', '2024-03-04 00:43:26'),
(112, 1, 'admin/products', 'GET', '127.0.0.1', '[]', '2024-03-04 00:43:29', '2024-03-04 00:43:29'),
(113, 1, 'admin/products', 'GET', '127.0.0.1', '[]', '2024-03-04 00:43:29', '2024-03-04 00:43:29'),
(114, 1, 'admin/products', 'GET', '127.0.0.1', '[]', '2024-03-04 00:50:38', '2024-03-04 00:50:38'),
(115, 1, 'admin', 'GET', '127.0.0.1', '[]', '2024-03-04 00:53:48', '2024-03-04 00:53:48'),
(116, 1, 'admin/helpers/scaffold', 'GET', '127.0.0.1', '[]', '2024-03-04 00:53:57', '2024-03-04 00:53:57'),
(117, 1, 'admin/helpers/scaffold', 'POST', '127.0.0.1', '{\"table_name\":\"product\",\"model_name\":\"App\\\\Models\\\\product\",\"controller_name\":\"App\\\\Admin\\\\Controllers\\\\ProductController\",\"create\":[\"migration\",\"model\",\"controller\",\"migrate\",\"menu_item\"],\"fields\":[{\"name\":\"description\",\"type\":\"string\",\"nullable\":\"on\",\"key\":null,\"default\":null,\"comment\":null},{\"name\":\"price\",\"type\":\"decimal\",\"nullable\":\"on\",\"key\":null,\"default\":null,\"comment\":null},{\"name\":\"stock\",\"type\":\"integer\",\"nullable\":\"on\",\"key\":null,\"default\":null,\"comment\":null},{\"name\":\"image\",\"type\":\"string\",\"nullable\":\"on\",\"key\":null,\"default\":null,\"comment\":null}],\"timestamps\":\"on\",\"primary_key\":\"id\",\"_token\":\"lGBMSBSKRi2LtOgJLNZU6Gxp3gKfnvNpL5PN4Nzm\"}', '2024-03-04 00:56:40', '2024-03-04 00:56:40'),
(118, 1, 'admin/helpers/scaffold', 'GET', '127.0.0.1', '[]', '2024-03-04 00:56:41', '2024-03-04 00:56:41'),
(119, 1, 'admin/products', 'GET', '127.0.0.1', '[]', '2024-03-04 00:57:10', '2024-03-04 00:57:10'),
(120, 1, 'admin/products', 'GET', '127.0.0.1', '[]', '2024-03-04 00:57:10', '2024-03-04 00:57:10'),
(121, 1, 'admin/products', 'GET', '127.0.0.1', '[]', '2024-03-04 00:57:11', '2024-03-04 00:57:11'),
(122, 1, 'admin/products', 'GET', '127.0.0.1', '[]', '2024-03-04 00:57:12', '2024-03-04 00:57:12'),
(123, 1, 'admin/products', 'GET', '127.0.0.1', '[]', '2024-03-04 00:57:13', '2024-03-04 00:57:13'),
(124, 1, 'admin/products', 'GET', '127.0.0.1', '[]', '2024-03-04 00:57:13', '2024-03-04 00:57:13'),
(125, 1, 'admin/products', 'GET', '127.0.0.1', '[]', '2024-03-04 00:57:14', '2024-03-04 00:57:14'),
(126, 1, 'admin/products', 'GET', '127.0.0.1', '[]', '2024-03-04 00:57:15', '2024-03-04 00:57:15'),
(127, 1, 'admin/products', 'GET', '127.0.0.1', '[]', '2024-03-04 00:57:15', '2024-03-04 00:57:15'),
(128, 1, 'admin/products', 'GET', '127.0.0.1', '[]', '2024-03-04 00:57:16', '2024-03-04 00:57:16'),
(129, 1, 'admin/products', 'GET', '127.0.0.1', '[]', '2024-03-04 00:57:16', '2024-03-04 00:57:16'),
(130, 1, 'admin/products', 'GET', '127.0.0.1', '[]', '2024-03-04 00:57:17', '2024-03-04 00:57:17'),
(131, 1, 'admin/products', 'GET', '127.0.0.1', '[]', '2024-03-04 00:57:18', '2024-03-04 00:57:18'),
(132, 1, 'admin/products', 'GET', '127.0.0.1', '[]', '2024-03-04 00:57:19', '2024-03-04 00:57:19'),
(133, 1, 'admin/products', 'GET', '127.0.0.1', '[]', '2024-03-04 00:57:19', '2024-03-04 00:57:19'),
(134, 1, 'admin/products', 'GET', '127.0.0.1', '[]', '2024-03-04 00:57:20', '2024-03-04 00:57:20'),
(135, 1, 'admin/products', 'GET', '127.0.0.1', '[]', '2024-03-04 00:57:20', '2024-03-04 00:57:20'),
(136, 1, 'admin/products', 'GET', '127.0.0.1', '[]', '2024-03-04 00:57:21', '2024-03-04 00:57:21'),
(137, 1, 'admin/products', 'GET', '127.0.0.1', '[]', '2024-03-04 00:57:22', '2024-03-04 00:57:22'),
(138, 1, 'admin/products', 'GET', '127.0.0.1', '[]', '2024-03-04 00:57:22', '2024-03-04 00:57:22'),
(139, 1, 'admin/products', 'GET', '127.0.0.1', '[]', '2024-03-04 00:57:23', '2024-03-04 00:57:23'),
(140, 1, 'admin/auth/users', 'GET', '127.0.0.1', '[]', '2024-03-04 00:57:37', '2024-03-04 00:57:37'),
(141, 1, 'admin/auth/permissions', 'GET', '127.0.0.1', '[]', '2024-03-04 00:57:41', '2024-03-04 00:57:41'),
(142, 1, 'admin/auth/menu', 'GET', '127.0.0.1', '[]', '2024-03-04 00:57:47', '2024-03-04 00:57:47'),
(143, 1, 'admin/helpers/terminal/database', 'GET', '127.0.0.1', '[]', '2024-03-04 00:58:04', '2024-03-04 00:58:04'),
(144, 1, 'admin/helpers/scaffold', 'GET', '127.0.0.1', '[]', '2024-03-04 00:58:06', '2024-03-04 00:58:06'),
(145, 1, 'admin/helpers/routes', 'GET', '127.0.0.1', '[]', '2024-03-04 00:58:08', '2024-03-04 00:58:08'),
(146, 1, 'admin/helpers/terminal/artisan', 'GET', '127.0.0.1', '[]', '2024-03-04 00:58:12', '2024-03-04 00:58:12'),
(147, 1, 'admin/products', 'GET', '127.0.0.1', '[]', '2024-03-04 00:58:13', '2024-03-04 00:58:13'),
(148, 1, 'admin/products', 'GET', '127.0.0.1', '[]', '2024-03-04 00:58:14', '2024-03-04 00:58:14'),
(149, 1, 'admin/products', 'GET', '127.0.0.1', '[]', '2024-03-04 00:58:15', '2024-03-04 00:58:15'),
(150, 1, 'admin/products', 'GET', '127.0.0.1', '[]', '2024-03-04 00:58:16', '2024-03-04 00:58:16'),
(151, 1, 'admin/products', 'GET', '127.0.0.1', '[]', '2024-03-04 00:58:16', '2024-03-04 00:58:16'),
(152, 1, 'admin/products', 'GET', '127.0.0.1', '[]', '2024-03-04 00:58:17', '2024-03-04 00:58:17'),
(153, 1, 'admin/products', 'GET', '127.0.0.1', '[]', '2024-03-04 00:58:18', '2024-03-04 00:58:18'),
(154, 1, 'admin/products', 'GET', '127.0.0.1', '[]', '2024-03-04 00:58:18', '2024-03-04 00:58:18'),
(155, 1, 'admin/products', 'GET', '127.0.0.1', '[]', '2024-03-04 00:58:19', '2024-03-04 00:58:19'),
(156, 1, 'admin/products', 'GET', '127.0.0.1', '[]', '2024-03-04 00:58:19', '2024-03-04 00:58:19'),
(157, 1, 'admin/products', 'GET', '127.0.0.1', '[]', '2024-03-04 00:58:20', '2024-03-04 00:58:20'),
(158, 1, 'admin/products', 'GET', '127.0.0.1', '[]', '2024-03-04 00:58:21', '2024-03-04 00:58:21'),
(159, 1, 'admin/products', 'GET', '127.0.0.1', '[]', '2024-03-04 00:58:21', '2024-03-04 00:58:21'),
(160, 1, 'admin', 'GET', '127.0.0.1', '[]', '2024-03-04 00:58:22', '2024-03-04 00:58:22'),
(161, 1, 'admin/products', 'GET', '127.0.0.1', '[]', '2024-03-04 00:58:23', '2024-03-04 00:58:23'),
(162, 1, 'admin/products', 'GET', '127.0.0.1', '[]', '2024-03-04 00:58:23', '2024-03-04 00:58:23'),
(163, 1, 'admin/products', 'GET', '127.0.0.1', '[]', '2024-03-04 00:58:24', '2024-03-04 00:58:24'),
(164, 1, 'admin/products', 'GET', '127.0.0.1', '[]', '2024-03-04 00:58:25', '2024-03-04 00:58:25'),
(165, 1, 'admin/products', 'GET', '127.0.0.1', '[]', '2024-03-04 00:58:25', '2024-03-04 00:58:25'),
(166, 1, 'admin/products', 'GET', '127.0.0.1', '[]', '2024-03-04 00:58:26', '2024-03-04 00:58:26'),
(167, 1, 'admin/products', 'GET', '127.0.0.1', '[]', '2024-03-04 00:58:26', '2024-03-04 00:58:26'),
(168, 1, 'admin/products', 'GET', '127.0.0.1', '[]', '2024-03-04 00:58:27', '2024-03-04 00:58:27'),
(169, 1, 'admin/products', 'GET', '127.0.0.1', '[]', '2024-03-04 00:58:28', '2024-03-04 00:58:28'),
(170, 1, 'admin/products', 'GET', '127.0.0.1', '[]', '2024-03-04 00:58:28', '2024-03-04 00:58:28'),
(171, 1, 'admin/products', 'GET', '127.0.0.1', '[]', '2024-03-04 00:58:29', '2024-03-04 00:58:29'),
(172, 1, 'admin/products', 'GET', '127.0.0.1', '[]', '2024-03-04 00:58:30', '2024-03-04 00:58:30'),
(173, 1, 'admin/products', 'GET', '127.0.0.1', '[]', '2024-03-04 00:58:30', '2024-03-04 00:58:30'),
(174, 1, 'admin/products', 'GET', '127.0.0.1', '[]', '2024-03-04 00:58:31', '2024-03-04 00:58:31'),
(175, 1, 'admin/products', 'GET', '127.0.0.1', '[]', '2024-03-04 00:58:32', '2024-03-04 00:58:32'),
(176, 1, 'admin/products', 'GET', '127.0.0.1', '[]', '2024-03-04 00:58:32', '2024-03-04 00:58:32'),
(177, 1, 'admin/products', 'GET', '127.0.0.1', '[]', '2024-03-04 00:58:33', '2024-03-04 00:58:33'),
(178, 1, 'admin/products', 'GET', '127.0.0.1', '[]', '2024-03-04 00:58:33', '2024-03-04 00:58:33'),
(179, 1, 'admin/products', 'GET', '127.0.0.1', '[]', '2024-03-04 00:58:34', '2024-03-04 00:58:34'),
(180, 1, 'admin/products', 'GET', '127.0.0.1', '[]', '2024-03-04 00:58:35', '2024-03-04 00:58:35'),
(181, 1, 'admin/products', 'GET', '127.0.0.1', '[]', '2024-03-04 00:58:36', '2024-03-04 00:58:36'),
(182, 1, 'admin/products', 'GET', '127.0.0.1', '[]', '2024-03-04 00:58:36', '2024-03-04 00:58:36'),
(183, 1, 'admin/products', 'GET', '127.0.0.1', '[]', '2024-03-04 00:58:37', '2024-03-04 00:58:37'),
(184, 1, 'admin/products', 'GET', '127.0.0.1', '[]', '2024-03-04 00:58:37', '2024-03-04 00:58:37'),
(185, 1, 'admin/products', 'GET', '127.0.0.1', '[]', '2024-03-04 00:58:38', '2024-03-04 00:58:38'),
(186, 1, 'admin/products', 'GET', '127.0.0.1', '[]', '2024-03-04 00:58:38', '2024-03-04 00:58:38'),
(187, 1, 'admin/products', 'GET', '127.0.0.1', '[]', '2024-03-04 00:58:39', '2024-03-04 00:58:39'),
(188, 1, 'admin/products', 'GET', '127.0.0.1', '[]', '2024-03-04 00:58:40', '2024-03-04 00:58:40'),
(189, 1, 'admin/products', 'GET', '127.0.0.1', '[]', '2024-03-04 00:58:41', '2024-03-04 00:58:41'),
(190, 1, 'admin/products', 'GET', '127.0.0.1', '[]', '2024-03-04 00:59:38', '2024-03-04 00:59:38'),
(191, 1, 'admin/products', 'GET', '127.0.0.1', '[]', '2024-03-04 00:59:39', '2024-03-04 00:59:39'),
(192, 1, 'admin/products', 'GET', '127.0.0.1', '[]', '2024-03-04 00:59:39', '2024-03-04 00:59:39'),
(193, 1, 'admin/products', 'GET', '127.0.0.1', '[]', '2024-03-04 00:59:40', '2024-03-04 00:59:40'),
(194, 1, 'admin/products', 'GET', '127.0.0.1', '[]', '2024-03-04 00:59:40', '2024-03-04 00:59:40'),
(195, 1, 'admin/products', 'GET', '127.0.0.1', '[]', '2024-03-04 00:59:41', '2024-03-04 00:59:41'),
(196, 1, 'admin/products', 'GET', '127.0.0.1', '[]', '2024-03-04 00:59:42', '2024-03-04 00:59:42'),
(197, 1, 'admin/products', 'GET', '127.0.0.1', '[]', '2024-03-04 00:59:42', '2024-03-04 00:59:42'),
(198, 1, 'admin/products', 'GET', '127.0.0.1', '[]', '2024-03-04 00:59:43', '2024-03-04 00:59:43'),
(199, 1, 'admin/products', 'GET', '127.0.0.1', '[]', '2024-03-04 00:59:44', '2024-03-04 00:59:44'),
(200, 1, 'admin/products', 'GET', '127.0.0.1', '[]', '2024-03-04 00:59:44', '2024-03-04 00:59:44'),
(201, 1, 'admin/products', 'GET', '127.0.0.1', '[]', '2024-03-04 00:59:45', '2024-03-04 00:59:45'),
(202, 1, 'admin/products', 'GET', '127.0.0.1', '[]', '2024-03-04 00:59:45', '2024-03-04 00:59:45'),
(203, 1, 'admin/products', 'GET', '127.0.0.1', '[]', '2024-03-04 00:59:46', '2024-03-04 00:59:46'),
(204, 1, 'admin/products', 'GET', '127.0.0.1', '[]', '2024-03-04 00:59:47', '2024-03-04 00:59:47'),
(205, 1, 'admin/products', 'GET', '127.0.0.1', '[]', '2024-03-04 00:59:48', '2024-03-04 00:59:48'),
(206, 1, 'admin/products', 'GET', '127.0.0.1', '[]', '2024-03-04 00:59:48', '2024-03-04 00:59:48'),
(207, 1, 'admin/products', 'GET', '127.0.0.1', '[]', '2024-03-04 00:59:49', '2024-03-04 00:59:49'),
(208, 1, 'admin/products', 'GET', '127.0.0.1', '[]', '2024-03-04 00:59:49', '2024-03-04 00:59:49'),
(209, 1, 'admin/products', 'GET', '127.0.0.1', '[]', '2024-03-04 00:59:50', '2024-03-04 00:59:50'),
(210, 1, 'admin/products', 'GET', '127.0.0.1', '[]', '2024-03-04 00:59:51', '2024-03-04 00:59:51'),
(211, 1, 'admin/products', 'GET', '127.0.0.1', '[]', '2024-03-04 01:00:21', '2024-03-04 01:00:21'),
(212, 1, 'admin', 'GET', '127.0.0.1', '[]', '2024-03-04 01:00:29', '2024-03-04 01:00:29'),
(213, 1, 'admin/auth/users', 'GET', '127.0.0.1', '[]', '2024-03-04 01:00:39', '2024-03-04 01:00:39'),
(214, 1, 'admin', 'GET', '127.0.0.1', '[]', '2024-03-04 01:00:45', '2024-03-04 01:00:45'),
(215, 1, 'admin/helpers/scaffold', 'GET', '127.0.0.1', '[]', '2024-03-04 01:00:47', '2024-03-04 01:00:47'),
(216, 1, 'admin/helpers/scaffold', 'POST', '127.0.0.1', '{\"table_name\":\"product\",\"model_name\":\"App\\\\Models\\\\product\",\"controller_name\":\"App\\\\Admin\\\\Controllers\\\\ProductController\",\"create\":[\"migration\",\"model\",\"controller\",\"migrate\",\"menu_item\"],\"fields\":[{\"name\":\"description\",\"type\":\"string\",\"nullable\":\"on\",\"key\":null,\"default\":null,\"comment\":null},{\"name\":\"price\",\"type\":\"decimal\",\"nullable\":\"on\",\"key\":null,\"default\":null,\"comment\":null},{\"name\":\"stock\",\"type\":\"integer\",\"nullable\":\"on\",\"key\":null,\"default\":null,\"comment\":null},{\"name\":\"image\",\"type\":\"string\",\"nullable\":\"on\",\"key\":null,\"default\":null,\"comment\":null}],\"timestamps\":\"on\",\"primary_key\":\"id\",\"_token\":\"lGBMSBSKRi2LtOgJLNZU6Gxp3gKfnvNpL5PN4Nzm\"}', '2024-03-04 01:01:50', '2024-03-04 01:01:50'),
(217, 1, 'admin/helpers/scaffold', 'GET', '127.0.0.1', '[]', '2024-03-04 01:01:50', '2024-03-04 01:01:50'),
(218, 1, 'admin/products', 'GET', '127.0.0.1', '[]', '2024-03-04 01:01:59', '2024-03-04 01:01:59'),
(219, 1, 'admin/products', 'GET', '127.0.0.1', '[]', '2024-03-04 01:01:59', '2024-03-04 01:01:59'),
(220, 1, 'admin/products', 'GET', '127.0.0.1', '[]', '2024-03-04 01:02:00', '2024-03-04 01:02:00'),
(221, 1, 'admin/products', 'GET', '127.0.0.1', '[]', '2024-03-04 01:02:01', '2024-03-04 01:02:01'),
(222, 1, 'admin/products', 'GET', '127.0.0.1', '[]', '2024-03-04 01:02:01', '2024-03-04 01:02:01'),
(223, 1, 'admin/products', 'GET', '127.0.0.1', '[]', '2024-03-04 01:02:02', '2024-03-04 01:02:02'),
(224, 1, 'admin/products', 'GET', '127.0.0.1', '[]', '2024-03-04 01:02:02', '2024-03-04 01:02:02'),
(225, 1, 'admin/products', 'GET', '127.0.0.1', '[]', '2024-03-04 01:02:03', '2024-03-04 01:02:03'),
(226, 1, 'admin/products', 'GET', '127.0.0.1', '[]', '2024-03-04 01:02:04', '2024-03-04 01:02:04'),
(227, 1, 'admin/products', 'GET', '127.0.0.1', '[]', '2024-03-04 01:02:05', '2024-03-04 01:02:05'),
(228, 1, 'admin/products', 'GET', '127.0.0.1', '[]', '2024-03-04 01:02:05', '2024-03-04 01:02:05'),
(229, 1, 'admin/products', 'GET', '127.0.0.1', '[]', '2024-03-04 01:02:06', '2024-03-04 01:02:06'),
(230, 1, 'admin/products', 'GET', '127.0.0.1', '[]', '2024-03-04 01:02:06', '2024-03-04 01:02:06'),
(231, 1, 'admin/products', 'GET', '127.0.0.1', '[]', '2024-03-04 01:02:07', '2024-03-04 01:02:07'),
(232, 1, 'admin/products', 'GET', '127.0.0.1', '[]', '2024-03-04 01:02:08', '2024-03-04 01:02:08'),
(233, 1, 'admin/products', 'GET', '127.0.0.1', '[]', '2024-03-04 01:02:08', '2024-03-04 01:02:08'),
(234, 1, 'admin/products', 'GET', '127.0.0.1', '[]', '2024-03-04 01:02:09', '2024-03-04 01:02:09'),
(235, 1, 'admin/products', 'GET', '127.0.0.1', '[]', '2024-03-04 01:02:10', '2024-03-04 01:02:10'),
(236, 1, 'admin/products', 'GET', '127.0.0.1', '[]', '2024-03-04 01:02:10', '2024-03-04 01:02:10'),
(237, 1, 'admin/products', 'GET', '127.0.0.1', '[]', '2024-03-04 01:02:11', '2024-03-04 01:02:11'),
(238, 1, 'admin/products', 'GET', '127.0.0.1', '[]', '2024-03-04 01:02:11', '2024-03-04 01:02:11'),
(239, 1, 'admin/products', 'GET', '127.0.0.1', '[]', '2024-03-04 01:04:14', '2024-03-04 01:04:14'),
(240, 1, 'admin', 'GET', '127.0.0.1', '[]', '2024-03-04 01:05:06', '2024-03-04 01:05:06'),
(241, 1, 'admin/products', 'GET', '127.0.0.1', '[]', '2024-03-04 01:05:21', '2024-03-04 01:05:21'),
(242, 1, 'admin/products', 'GET', '127.0.0.1', '[]', '2024-03-04 01:05:22', '2024-03-04 01:05:22'),
(243, 1, 'admin/products', 'GET', '127.0.0.1', '[]', '2024-03-04 01:05:23', '2024-03-04 01:05:23'),
(244, 1, 'admin/products', 'GET', '127.0.0.1', '[]', '2024-03-04 01:05:23', '2024-03-04 01:05:23'),
(245, 1, 'admin/products', 'GET', '127.0.0.1', '[]', '2024-03-04 01:05:24', '2024-03-04 01:05:24'),
(246, 1, 'admin/products', 'GET', '127.0.0.1', '[]', '2024-03-04 01:05:24', '2024-03-04 01:05:24'),
(247, 1, 'admin/products', 'GET', '127.0.0.1', '[]', '2024-03-04 01:05:25', '2024-03-04 01:05:25'),
(248, 1, 'admin/products', 'GET', '127.0.0.1', '[]', '2024-03-04 01:05:26', '2024-03-04 01:05:26'),
(249, 1, 'admin/products', 'GET', '127.0.0.1', '[]', '2024-03-04 01:05:26', '2024-03-04 01:05:26'),
(250, 1, 'admin/products', 'GET', '127.0.0.1', '[]', '2024-03-04 01:05:27', '2024-03-04 01:05:27'),
(251, 1, 'admin/products', 'GET', '127.0.0.1', '[]', '2024-03-04 01:05:28', '2024-03-04 01:05:28'),
(252, 1, 'admin/products', 'GET', '127.0.0.1', '[]', '2024-03-04 01:05:28', '2024-03-04 01:05:28'),
(253, 1, 'admin/products', 'GET', '127.0.0.1', '[]', '2024-03-04 01:05:29', '2024-03-04 01:05:29'),
(254, 1, 'admin/products', 'GET', '127.0.0.1', '[]', '2024-03-04 01:05:29', '2024-03-04 01:05:29'),
(255, 1, 'admin/products', 'GET', '127.0.0.1', '[]', '2024-03-04 01:05:30', '2024-03-04 01:05:30'),
(256, 1, 'admin/products', 'GET', '127.0.0.1', '[]', '2024-03-04 01:05:31', '2024-03-04 01:05:31'),
(257, 1, 'admin/products', 'GET', '127.0.0.1', '[]', '2024-03-04 01:05:31', '2024-03-04 01:05:31'),
(258, 1, 'admin/products', 'GET', '127.0.0.1', '[]', '2024-03-04 01:05:32', '2024-03-04 01:05:32'),
(259, 1, 'admin/products', 'GET', '127.0.0.1', '[]', '2024-03-04 01:05:33', '2024-03-04 01:05:33'),
(260, 1, 'admin/products', 'GET', '127.0.0.1', '[]', '2024-03-04 01:05:33', '2024-03-04 01:05:33'),
(261, 1, 'admin/products', 'GET', '127.0.0.1', '[]', '2024-03-04 01:05:34', '2024-03-04 01:05:34'),
(262, 1, 'admin', 'GET', '127.0.0.1', '[]', '2024-03-04 01:05:58', '2024-03-04 01:05:58'),
(263, 1, 'admin', 'GET', '127.0.0.1', '[]', '2024-03-04 01:06:12', '2024-03-04 01:06:12'),
(264, 1, 'admin/auth/users', 'GET', '127.0.0.1', '[]', '2024-03-04 01:06:34', '2024-03-04 01:06:34'),
(265, 1, 'admin/auth/users', 'GET', '127.0.0.1', '[]', '2024-03-04 01:10:17', '2024-03-04 01:10:17'),
(266, 1, 'admin/products', 'GET', '127.0.0.1', '[]', '2024-03-04 01:10:23', '2024-03-04 01:10:23'),
(267, 1, 'admin/products', 'GET', '127.0.0.1', '[]', '2024-03-04 01:10:23', '2024-03-04 01:10:23'),
(268, 1, 'admin/products', 'GET', '127.0.0.1', '[]', '2024-03-04 01:10:24', '2024-03-04 01:10:24'),
(269, 1, 'admin/products', 'GET', '127.0.0.1', '[]', '2024-03-04 01:10:25', '2024-03-04 01:10:25'),
(270, 1, 'admin/products', 'GET', '127.0.0.1', '[]', '2024-03-04 01:10:25', '2024-03-04 01:10:25'),
(271, 1, 'admin/products', 'GET', '127.0.0.1', '[]', '2024-03-04 01:10:26', '2024-03-04 01:10:26'),
(272, 1, 'admin/products', 'GET', '127.0.0.1', '[]', '2024-03-04 01:10:27', '2024-03-04 01:10:27'),
(273, 1, 'admin/products', 'GET', '127.0.0.1', '[]', '2024-03-04 01:10:27', '2024-03-04 01:10:27'),
(274, 1, 'admin/products', 'GET', '127.0.0.1', '[]', '2024-03-04 01:10:28', '2024-03-04 01:10:28'),
(275, 1, 'admin/products', 'GET', '127.0.0.1', '[]', '2024-03-04 01:10:28', '2024-03-04 01:10:28'),
(276, 1, 'admin/products', 'GET', '127.0.0.1', '[]', '2024-03-04 01:10:29', '2024-03-04 01:10:29'),
(277, 1, 'admin/products', 'GET', '127.0.0.1', '[]', '2024-03-04 01:10:30', '2024-03-04 01:10:30'),
(278, 1, 'admin/products', 'GET', '127.0.0.1', '[]', '2024-03-04 01:10:31', '2024-03-04 01:10:31'),
(279, 1, 'admin/products', 'GET', '127.0.0.1', '[]', '2024-03-04 01:10:31', '2024-03-04 01:10:31'),
(280, 1, 'admin/products', 'GET', '127.0.0.1', '[]', '2024-03-04 01:10:32', '2024-03-04 01:10:32'),
(281, 1, 'admin/products', 'GET', '127.0.0.1', '[]', '2024-03-04 01:10:32', '2024-03-04 01:10:32'),
(282, 1, 'admin/products', 'GET', '127.0.0.1', '[]', '2024-03-04 01:10:33', '2024-03-04 01:10:33'),
(283, 1, 'admin/products', 'GET', '127.0.0.1', '[]', '2024-03-04 01:10:34', '2024-03-04 01:10:34'),
(284, 1, 'admin/products', 'GET', '127.0.0.1', '[]', '2024-03-04 01:10:34', '2024-03-04 01:10:34'),
(285, 1, 'admin/products', 'GET', '127.0.0.1', '[]', '2024-03-04 01:10:35', '2024-03-04 01:10:35'),
(286, 1, 'admin/products', 'GET', '127.0.0.1', '[]', '2024-03-04 01:10:36', '2024-03-04 01:10:36'),
(287, 1, 'admin', 'GET', '127.0.0.1', '[]', '2024-03-04 01:12:27', '2024-03-04 01:12:27'),
(288, 1, 'admin/helpers/scaffold', 'GET', '127.0.0.1', '[]', '2024-03-04 01:12:42', '2024-03-04 01:12:42'),
(289, 1, 'admin/products', 'GET', '127.0.0.1', '[]', '2024-03-04 01:12:51', '2024-03-04 01:12:51'),
(290, 1, 'admin/products', 'GET', '127.0.0.1', '[]', '2024-03-04 01:12:52', '2024-03-04 01:12:52'),
(291, 1, 'admin/products', 'GET', '127.0.0.1', '[]', '2024-03-04 01:12:53', '2024-03-04 01:12:53'),
(292, 1, 'admin/products', 'GET', '127.0.0.1', '[]', '2024-03-04 01:12:54', '2024-03-04 01:12:54'),
(293, 1, 'admin/products', 'GET', '127.0.0.1', '[]', '2024-03-04 01:12:54', '2024-03-04 01:12:54'),
(294, 1, 'admin/products', 'GET', '127.0.0.1', '[]', '2024-03-04 01:12:55', '2024-03-04 01:12:55'),
(295, 1, 'admin/products', 'GET', '127.0.0.1', '[]', '2024-03-04 01:12:56', '2024-03-04 01:12:56'),
(296, 1, 'admin/products', 'GET', '127.0.0.1', '[]', '2024-03-04 01:12:56', '2024-03-04 01:12:56'),
(297, 1, 'admin/products', 'GET', '127.0.0.1', '[]', '2024-03-04 01:12:57', '2024-03-04 01:12:57'),
(298, 1, 'admin/products', 'GET', '127.0.0.1', '[]', '2024-03-04 01:12:57', '2024-03-04 01:12:57'),
(299, 1, 'admin/products', 'GET', '127.0.0.1', '[]', '2024-03-04 01:12:58', '2024-03-04 01:12:58'),
(300, 1, 'admin/products', 'GET', '127.0.0.1', '[]', '2024-03-04 01:12:59', '2024-03-04 01:12:59'),
(301, 1, 'admin/products', 'GET', '127.0.0.1', '[]', '2024-03-04 01:12:59', '2024-03-04 01:12:59'),
(302, 1, 'admin/products', 'GET', '127.0.0.1', '[]', '2024-03-04 01:13:00', '2024-03-04 01:13:00'),
(303, 1, 'admin/products', 'GET', '127.0.0.1', '[]', '2024-03-04 01:13:01', '2024-03-04 01:13:01'),
(304, 1, 'admin/products', 'GET', '127.0.0.1', '[]', '2024-03-04 01:13:01', '2024-03-04 01:13:01'),
(305, 1, 'admin/products', 'GET', '127.0.0.1', '[]', '2024-03-04 01:13:02', '2024-03-04 01:13:02'),
(306, 1, 'admin/products', 'GET', '127.0.0.1', '[]', '2024-03-04 01:13:02', '2024-03-04 01:13:02'),
(307, 1, 'admin/helpers/scaffold', 'GET', '127.0.0.1', '[]', '2024-03-04 01:13:03', '2024-03-04 01:13:03'),
(308, 1, 'admin/products', 'GET', '127.0.0.1', '[]', '2024-03-04 01:13:03', '2024-03-04 01:13:03'),
(309, 1, 'admin/products', 'GET', '127.0.0.1', '[]', '2024-03-04 01:13:04', '2024-03-04 01:13:04'),
(310, 1, 'admin/products', 'GET', '127.0.0.1', '[]', '2024-03-04 01:13:05', '2024-03-04 01:13:05'),
(311, 1, 'admin/helpers/terminal/database', 'GET', '127.0.0.1', '[]', '2024-03-04 01:13:07', '2024-03-04 01:13:07'),
(312, 1, 'admin/helpers/terminal/artisan', 'GET', '127.0.0.1', '[]', '2024-03-04 01:13:09', '2024-03-04 01:13:09'),
(313, 1, 'admin/helpers/scaffold', 'GET', '127.0.0.1', '[]', '2024-03-04 01:13:12', '2024-03-04 01:13:12'),
(314, 1, 'admin', 'GET', '127.0.0.1', '[]', '2024-03-04 01:13:24', '2024-03-04 01:13:24'),
(315, 1, 'admin/auth/roles', 'GET', '127.0.0.1', '[]', '2024-03-04 01:13:39', '2024-03-04 01:13:39'),
(316, 1, 'admin/auth/permissions', 'GET', '127.0.0.1', '[]', '2024-03-04 01:13:49', '2024-03-04 01:13:49'),
(317, 1, 'admin/auth/menu', 'GET', '127.0.0.1', '[]', '2024-03-04 01:13:53', '2024-03-04 01:13:53'),
(318, 1, 'admin/products', 'GET', '127.0.0.1', '[]', '2024-03-04 01:14:03', '2024-03-04 01:14:03'),
(319, 1, 'admin/products', 'GET', '127.0.0.1', '[]', '2024-03-04 01:14:03', '2024-03-04 01:14:03'),
(320, 1, 'admin/products', 'GET', '127.0.0.1', '[]', '2024-03-04 01:14:04', '2024-03-04 01:14:04'),
(321, 1, 'admin/products', 'GET', '127.0.0.1', '[]', '2024-03-04 01:14:05', '2024-03-04 01:14:05'),
(322, 1, 'admin/products', 'GET', '127.0.0.1', '[]', '2024-03-04 01:14:06', '2024-03-04 01:14:06'),
(323, 1, 'admin/products', 'GET', '127.0.0.1', '[]', '2024-03-04 01:14:06', '2024-03-04 01:14:06'),
(324, 1, 'admin/products', 'GET', '127.0.0.1', '[]', '2024-03-04 01:14:07', '2024-03-04 01:14:07'),
(325, 1, 'admin/products', 'GET', '127.0.0.1', '[]', '2024-03-04 01:14:07', '2024-03-04 01:14:07'),
(326, 1, 'admin/products', 'GET', '127.0.0.1', '[]', '2024-03-04 01:14:08', '2024-03-04 01:14:08'),
(327, 1, 'admin/products', 'GET', '127.0.0.1', '[]', '2024-03-04 01:14:09', '2024-03-04 01:14:09'),
(328, 1, 'admin/products', 'GET', '127.0.0.1', '[]', '2024-03-04 01:14:09', '2024-03-04 01:14:09'),
(329, 1, 'admin/products', 'GET', '127.0.0.1', '[]', '2024-03-04 01:14:10', '2024-03-04 01:14:10'),
(330, 1, 'admin/auth/menu/13/edit', 'GET', '127.0.0.1', '[]', '2024-03-04 01:14:10', '2024-03-04 01:14:10'),
(331, 1, 'admin/products', 'GET', '127.0.0.1', '[]', '2024-03-04 01:14:11', '2024-03-04 01:14:11'),
(332, 1, 'admin/products', 'GET', '127.0.0.1', '[]', '2024-03-04 01:14:11', '2024-03-04 01:14:11'),
(333, 1, 'admin/products', 'GET', '127.0.0.1', '[]', '2024-03-04 01:14:12', '2024-03-04 01:14:12'),
(334, 1, 'admin/products', 'GET', '127.0.0.1', '[]', '2024-03-04 01:14:13', '2024-03-04 01:14:13'),
(335, 1, 'admin/products', 'GET', '127.0.0.1', '[]', '2024-03-04 01:14:13', '2024-03-04 01:14:13'),
(336, 1, 'admin/products', 'GET', '127.0.0.1', '[]', '2024-03-04 01:14:14', '2024-03-04 01:14:14'),
(337, 1, 'admin/products', 'GET', '127.0.0.1', '[]', '2024-03-04 01:14:14', '2024-03-04 01:14:14'),
(338, 1, 'admin/products', 'GET', '127.0.0.1', '[]', '2024-03-04 01:14:15', '2024-03-04 01:14:15'),
(339, 1, 'admin/products', 'GET', '127.0.0.1', '[]', '2024-03-04 01:14:16', '2024-03-04 01:14:16'),
(340, 1, 'admin/products', 'GET', '127.0.0.1', '[]', '2024-03-04 01:14:16', '2024-03-04 01:14:16'),
(341, 1, 'admin/products', 'GET', '127.0.0.1', '[]', '2024-03-04 01:14:17', '2024-03-04 01:14:17'),
(342, 1, 'admin/products', 'GET', '127.0.0.1', '[]', '2024-03-04 01:14:18', '2024-03-04 01:14:18'),
(343, 1, 'admin/products', 'GET', '127.0.0.1', '[]', '2024-03-04 01:14:18', '2024-03-04 01:14:18'),
(344, 1, 'admin/products', 'GET', '127.0.0.1', '[]', '2024-03-04 01:14:19', '2024-03-04 01:14:19'),
(345, 1, 'admin/products', 'GET', '127.0.0.1', '[]', '2024-03-04 01:14:19', '2024-03-04 01:14:19'),
(346, 1, 'admin/products', 'GET', '127.0.0.1', '[]', '2024-03-04 01:14:20', '2024-03-04 01:14:20'),
(347, 1, 'admin/products', 'GET', '127.0.0.1', '[]', '2024-03-04 01:14:21', '2024-03-04 01:14:21'),
(348, 1, 'admin/products', 'GET', '127.0.0.1', '[]', '2024-03-04 01:14:21', '2024-03-04 01:14:21'),
(349, 1, 'admin/products', 'GET', '127.0.0.1', '[]', '2024-03-04 01:14:22', '2024-03-04 01:14:22'),
(350, 1, 'admin/products', 'GET', '127.0.0.1', '[]', '2024-03-04 01:14:23', '2024-03-04 01:14:23'),
(351, 1, 'admin/auth/menu/13', 'DELETE', '127.0.0.1', '{\"_method\":\"delete\",\"_token\":\"lGBMSBSKRi2LtOgJLNZU6Gxp3gKfnvNpL5PN4Nzm\"}', '2024-03-04 01:14:23', '2024-03-04 01:14:23'),
(352, 1, 'admin/products', 'GET', '127.0.0.1', '[]', '2024-03-04 01:14:23', '2024-03-04 01:14:23'),
(353, 1, 'admin/auth/menu', 'GET', '127.0.0.1', '[]', '2024-03-04 01:14:24', '2024-03-04 01:14:24'),
(354, 1, 'admin/products', 'GET', '127.0.0.1', '[]', '2024-03-04 01:14:24', '2024-03-04 01:14:24'),
(355, 1, 'admin/products', 'GET', '127.0.0.1', '[]', '2024-03-04 01:14:25', '2024-03-04 01:14:25'),
(356, 1, 'admin/products', 'GET', '127.0.0.1', '[]', '2024-03-04 01:14:26', '2024-03-04 01:14:26'),
(357, 1, 'admin/products', 'GET', '127.0.0.1', '[]', '2024-03-04 01:14:26', '2024-03-04 01:14:26'),
(358, 1, 'admin/products', 'GET', '127.0.0.1', '[]', '2024-03-04 01:14:27', '2024-03-04 01:14:27'),
(359, 1, 'admin/products', 'GET', '127.0.0.1', '[]', '2024-03-04 01:14:28', '2024-03-04 01:14:28'),
(360, 1, 'admin/products', 'GET', '127.0.0.1', '[]', '2024-03-04 01:14:28', '2024-03-04 01:14:28'),
(361, 1, 'admin/products', 'GET', '127.0.0.1', '[]', '2024-03-04 01:14:29', '2024-03-04 01:14:29'),
(362, 1, 'admin/products', 'GET', '127.0.0.1', '[]', '2024-03-04 01:14:29', '2024-03-04 01:14:29'),
(363, 1, 'admin/products', 'GET', '127.0.0.1', '[]', '2024-03-04 01:14:30', '2024-03-04 01:14:30'),
(364, 1, 'admin/products', 'GET', '127.0.0.1', '[]', '2024-03-04 01:14:31', '2024-03-04 01:14:31'),
(365, 1, 'admin/products', 'GET', '127.0.0.1', '[]', '2024-03-04 01:14:31', '2024-03-04 01:14:31'),
(366, 1, 'admin/products', 'GET', '127.0.0.1', '[]', '2024-03-04 01:14:32', '2024-03-04 01:14:32'),
(367, 1, 'admin/products', 'GET', '127.0.0.1', '[]', '2024-03-04 01:14:33', '2024-03-04 01:14:33'),
(368, 1, 'admin/products', 'GET', '127.0.0.1', '[]', '2024-03-04 01:14:33', '2024-03-04 01:14:33'),
(369, 1, 'admin', 'GET', '127.0.0.1', '[]', '2024-03-04 01:14:34', '2024-03-04 01:14:34'),
(370, 1, 'admin/products', 'GET', '127.0.0.1', '[]', '2024-03-04 01:14:34', '2024-03-04 01:14:34'),
(371, 1, 'admin', 'GET', '127.0.0.1', '[]', '2024-03-04 01:14:35', '2024-03-04 01:14:35'),
(372, 1, 'admin/products', 'GET', '127.0.0.1', '[]', '2024-03-04 01:14:35', '2024-03-04 01:14:35'),
(373, 1, 'admin', 'GET', '127.0.0.1', '[]', '2024-03-04 01:14:35', '2024-03-04 01:14:35'),
(374, 1, 'admin/products', 'GET', '127.0.0.1', '[]', '2024-03-04 01:14:36', '2024-03-04 01:14:36'),
(375, 1, 'admin/products', 'GET', '127.0.0.1', '[]', '2024-03-04 01:14:37', '2024-03-04 01:14:37'),
(376, 1, 'admin/products', 'GET', '127.0.0.1', '[]', '2024-03-04 01:14:37', '2024-03-04 01:14:37'),
(377, 1, 'admin/products', 'GET', '127.0.0.1', '[]', '2024-03-04 01:14:38', '2024-03-04 01:14:38'),
(378, 1, 'admin/products', 'GET', '127.0.0.1', '[]', '2024-03-04 01:14:39', '2024-03-04 01:14:39'),
(379, 1, 'admin/products', 'GET', '127.0.0.1', '[]', '2024-03-04 01:14:39', '2024-03-04 01:14:39'),
(380, 1, 'admin/products', 'GET', '127.0.0.1', '[]', '2024-03-04 01:14:40', '2024-03-04 01:14:40'),
(381, 1, 'admin', 'GET', '127.0.0.1', '[]', '2024-03-04 01:14:40', '2024-03-04 01:14:40'),
(382, 1, 'admin/products', 'GET', '127.0.0.1', '[]', '2024-03-04 01:14:41', '2024-03-04 01:14:41'),
(383, 1, 'admin', 'GET', '127.0.0.1', '[]', '2024-03-04 01:14:41', '2024-03-04 01:14:41'),
(384, 1, 'admin/products', 'GET', '127.0.0.1', '[]', '2024-03-04 01:14:42', '2024-03-04 01:14:42'),
(385, 1, 'admin/products', 'GET', '127.0.0.1', '[]', '2024-03-04 01:14:43', '2024-03-04 01:14:43'),
(386, 1, 'admin', 'GET', '127.0.0.1', '[]', '2024-03-04 01:14:43', '2024-03-04 01:14:43'),
(387, 1, 'admin/products', 'GET', '127.0.0.1', '[]', '2024-03-04 01:14:43', '2024-03-04 01:14:43'),
(388, 1, 'admin/products', 'GET', '127.0.0.1', '[]', '2024-03-04 01:14:44', '2024-03-04 01:14:44'),
(389, 1, 'admin/products', 'GET', '127.0.0.1', '[]', '2024-03-04 01:14:45', '2024-03-04 01:14:45'),
(390, 1, 'admin/products', 'GET', '127.0.0.1', '[]', '2024-03-04 01:14:45', '2024-03-04 01:14:45'),
(391, 1, 'admin/products', 'GET', '127.0.0.1', '[]', '2024-03-04 01:14:46', '2024-03-04 01:14:46'),
(392, 1, 'admin/products', 'GET', '127.0.0.1', '[]', '2024-03-04 01:14:47', '2024-03-04 01:14:47'),
(393, 1, 'admin/products', 'GET', '127.0.0.1', '[]', '2024-03-04 01:14:48', '2024-03-04 01:14:48'),
(394, 1, 'admin/products', 'GET', '127.0.0.1', '[]', '2024-03-04 01:14:48', '2024-03-04 01:14:48'),
(395, 1, 'admin/products', 'GET', '127.0.0.1', '[]', '2024-03-04 01:14:49', '2024-03-04 01:14:49'),
(396, 1, 'admin', 'GET', '127.0.0.1', '[]', '2024-03-04 01:14:49', '2024-03-04 01:14:49'),
(397, 1, 'admin/products', 'GET', '127.0.0.1', '[]', '2024-03-04 01:14:50', '2024-03-04 01:14:50'),
(398, 1, 'admin/products', 'GET', '127.0.0.1', '[]', '2024-03-04 01:14:51', '2024-03-04 01:14:51'),
(399, 1, 'admin/products', 'GET', '127.0.0.1', '[]', '2024-03-04 01:14:51', '2024-03-04 01:14:51'),
(400, 1, 'admin/products', 'GET', '127.0.0.1', '[]', '2024-03-04 01:14:52', '2024-03-04 01:14:52'),
(401, 1, 'admin/products', 'GET', '127.0.0.1', '[]', '2024-03-04 01:14:52', '2024-03-04 01:14:52'),
(402, 1, 'admin/products', 'GET', '127.0.0.1', '[]', '2024-03-04 01:14:53', '2024-03-04 01:14:53'),
(403, 1, 'admin/products', 'GET', '127.0.0.1', '[]', '2024-03-04 01:14:54', '2024-03-04 01:14:54'),
(404, 1, 'admin/products', 'GET', '127.0.0.1', '[]', '2024-03-04 01:14:54', '2024-03-04 01:14:54'),
(405, 1, 'admin/products', 'GET', '127.0.0.1', '[]', '2024-03-04 01:14:55', '2024-03-04 01:14:55'),
(406, 1, 'admin/products', 'GET', '127.0.0.1', '[]', '2024-03-04 01:14:56', '2024-03-04 01:14:56'),
(407, 1, 'admin/products', 'GET', '127.0.0.1', '[]', '2024-03-04 01:14:56', '2024-03-04 01:14:56'),
(408, 1, 'admin/helpers/scaffold', 'GET', '127.0.0.1', '[]', '2024-03-04 01:14:57', '2024-03-04 01:14:57'),
(409, 1, 'admin/products', 'GET', '127.0.0.1', '[]', '2024-03-04 01:14:57', '2024-03-04 01:14:57'),
(410, 1, 'admin/products', 'GET', '127.0.0.1', '[]', '2024-03-04 01:14:58', '2024-03-04 01:14:58'),
(411, 1, 'admin/products', 'GET', '127.0.0.1', '[]', '2024-03-04 01:14:59', '2024-03-04 01:14:59'),
(412, 1, 'admin/products', 'GET', '127.0.0.1', '[]', '2024-03-04 01:14:59', '2024-03-04 01:14:59'),
(413, 1, 'admin/products', 'GET', '127.0.0.1', '[]', '2024-03-04 01:15:00', '2024-03-04 01:15:00'),
(414, 1, 'admin/products', 'GET', '127.0.0.1', '[]', '2024-03-04 01:15:00', '2024-03-04 01:15:00'),
(415, 1, 'admin/products', 'GET', '127.0.0.1', '[]', '2024-03-04 01:15:01', '2024-03-04 01:15:01'),
(416, 1, 'admin/products', 'GET', '127.0.0.1', '[]', '2024-03-04 01:15:02', '2024-03-04 01:15:02'),
(417, 1, 'admin/products', 'GET', '127.0.0.1', '[]', '2024-03-04 01:15:02', '2024-03-04 01:15:02'),
(418, 1, 'admin/products', 'GET', '127.0.0.1', '[]', '2024-03-04 01:15:03', '2024-03-04 01:15:03'),
(419, 1, 'admin/products', 'GET', '127.0.0.1', '[]', '2024-03-04 01:15:04', '2024-03-04 01:15:04'),
(420, 1, 'admin/products', 'GET', '127.0.0.1', '[]', '2024-03-04 01:15:04', '2024-03-04 01:15:04'),
(421, 1, 'admin/products', 'GET', '127.0.0.1', '[]', '2024-03-04 01:15:05', '2024-03-04 01:15:05'),
(422, 1, 'admin/products', 'GET', '127.0.0.1', '[]', '2024-03-04 01:15:05', '2024-03-04 01:15:05'),
(423, 1, 'admin/products', 'GET', '127.0.0.1', '[]', '2024-03-04 01:15:06', '2024-03-04 01:15:06'),
(424, 1, 'admin/products', 'GET', '127.0.0.1', '[]', '2024-03-04 01:15:07', '2024-03-04 01:15:07'),
(425, 1, 'admin/products', 'GET', '127.0.0.1', '[]', '2024-03-04 01:15:07', '2024-03-04 01:15:07'),
(426, 1, 'admin/products', 'GET', '127.0.0.1', '[]', '2024-03-04 01:15:08', '2024-03-04 01:15:08'),
(427, 1, 'admin/products', 'GET', '127.0.0.1', '[]', '2024-03-04 01:15:09', '2024-03-04 01:15:09'),
(428, 1, 'admin/products', 'GET', '127.0.0.1', '[]', '2024-03-04 01:15:09', '2024-03-04 01:15:09'),
(429, 1, 'admin/products', 'GET', '127.0.0.1', '[]', '2024-03-04 01:15:10', '2024-03-04 01:15:10'),
(430, 1, 'admin/products', 'GET', '127.0.0.1', '[]', '2024-03-04 01:15:10', '2024-03-04 01:15:10'),
(431, 1, 'admin/products', 'GET', '127.0.0.1', '[]', '2024-03-04 01:15:11', '2024-03-04 01:15:11'),
(432, 1, 'admin/products', 'GET', '127.0.0.1', '[]', '2024-03-04 01:15:12', '2024-03-04 01:15:12'),
(433, 1, 'admin/products', 'GET', '127.0.0.1', '[]', '2024-03-04 01:15:12', '2024-03-04 01:15:12'),
(434, 1, 'admin/products', 'GET', '127.0.0.1', '[]', '2024-03-04 01:15:13', '2024-03-04 01:15:13'),
(435, 1, 'admin/products', 'GET', '127.0.0.1', '[]', '2024-03-04 01:15:14', '2024-03-04 01:15:14'),
(436, 1, 'admin/products', 'GET', '127.0.0.1', '[]', '2024-03-04 01:15:14', '2024-03-04 01:15:14'),
(437, 1, 'admin/products', 'GET', '127.0.0.1', '[]', '2024-03-04 01:15:15', '2024-03-04 01:15:15'),
(438, 1, 'admin/products', 'GET', '127.0.0.1', '[]', '2024-03-04 01:15:15', '2024-03-04 01:15:15'),
(439, 1, 'admin/products', 'GET', '127.0.0.1', '[]', '2024-03-04 01:15:16', '2024-03-04 01:15:16'),
(440, 1, 'admin/products', 'GET', '127.0.0.1', '[]', '2024-03-04 01:15:17', '2024-03-04 01:15:17'),
(441, 1, 'admin/products', 'GET', '127.0.0.1', '[]', '2024-03-04 01:15:17', '2024-03-04 01:15:17'),
(442, 1, 'admin/products', 'GET', '127.0.0.1', '[]', '2024-03-04 01:15:18', '2024-03-04 01:15:18'),
(443, 1, 'admin/products', 'GET', '127.0.0.1', '[]', '2024-03-04 01:15:19', '2024-03-04 01:15:19'),
(444, 1, 'admin/products', 'GET', '127.0.0.1', '[]', '2024-03-04 01:15:19', '2024-03-04 01:15:19'),
(445, 1, 'admin/products', 'GET', '127.0.0.1', '[]', '2024-03-04 01:15:20', '2024-03-04 01:15:20'),
(446, 1, 'admin/products', 'GET', '127.0.0.1', '[]', '2024-03-04 01:15:20', '2024-03-04 01:15:20'),
(447, 1, 'admin/products', 'GET', '127.0.0.1', '[]', '2024-03-04 01:15:21', '2024-03-04 01:15:21'),
(448, 1, 'admin/products', 'GET', '127.0.0.1', '[]', '2024-03-04 01:15:22', '2024-03-04 01:15:22'),
(449, 1, 'admin/products', 'GET', '127.0.0.1', '[]', '2024-03-04 01:15:22', '2024-03-04 01:15:22'),
(450, 1, 'admin/products', 'GET', '127.0.0.1', '[]', '2024-03-04 01:15:23', '2024-03-04 01:15:23'),
(451, 1, 'admin/products', 'GET', '127.0.0.1', '[]', '2024-03-04 01:15:24', '2024-03-04 01:15:24'),
(452, 1, 'admin/products', 'GET', '127.0.0.1', '[]', '2024-03-04 01:15:24', '2024-03-04 01:15:24'),
(453, 1, 'admin/products', 'GET', '127.0.0.1', '[]', '2024-03-04 01:15:25', '2024-03-04 01:15:25'),
(454, 1, 'admin/products', 'GET', '127.0.0.1', '[]', '2024-03-04 01:15:25', '2024-03-04 01:15:25'),
(455, 1, 'admin/helpers/scaffold', 'POST', '127.0.0.1', '{\"table_name\":\"product\",\"model_name\":\"App\\\\Models\\\\product\",\"controller_name\":\"App\\\\Admin\\\\Controllers\\\\productController\",\"create\":[\"migration\",\"model\",\"controller\",\"migrate\",\"menu_item\"],\"fields\":[{\"name\":\"description\",\"type\":\"string\",\"nullable\":\"on\",\"key\":null,\"default\":null,\"comment\":null},{\"name\":\"price\",\"type\":\"decimal\",\"nullable\":\"on\",\"key\":null,\"default\":null,\"comment\":null},{\"name\":\"stock\",\"type\":\"integer\",\"nullable\":\"on\",\"key\":null,\"default\":null,\"comment\":null},{\"name\":\"image\",\"type\":\"string\",\"nullable\":\"on\",\"key\":null,\"default\":null,\"comment\":null}],\"timestamps\":\"on\",\"primary_key\":\"id\",\"_token\":\"lGBMSBSKRi2LtOgJLNZU6Gxp3gKfnvNpL5PN4Nzm\"}', '2024-03-04 01:16:34', '2024-03-04 01:16:34'),
(456, 1, 'admin/helpers/scaffold', 'GET', '127.0.0.1', '[]', '2024-03-04 01:16:34', '2024-03-04 01:16:34'),
(457, 1, 'admin/helpers/scaffold', 'POST', '127.0.0.1', '{\"table_name\":\"products\",\"model_name\":\"App\\\\Models\\\\products\",\"controller_name\":\"App\\\\Admin\\\\Controllers\\\\productController\",\"create\":[\"migration\",\"model\",\"controller\",\"migrate\",\"menu_item\"],\"fields\":[{\"name\":\"description\",\"type\":\"string\",\"nullable\":\"on\",\"key\":null,\"default\":null,\"comment\":null},{\"name\":\"price\",\"type\":\"decimal\",\"nullable\":\"on\",\"key\":null,\"default\":null,\"comment\":null},{\"name\":\"stock\",\"type\":\"integer\",\"nullable\":\"on\",\"key\":null,\"default\":null,\"comment\":null},{\"name\":\"image\",\"type\":\"string\",\"nullable\":\"on\",\"key\":null,\"default\":null,\"comment\":null}],\"timestamps\":\"on\",\"primary_key\":\"id\",\"_token\":\"lGBMSBSKRi2LtOgJLNZU6Gxp3gKfnvNpL5PN4Nzm\"}', '2024-03-04 01:17:59', '2024-03-04 01:17:59'),
(458, 1, 'admin/helpers/scaffold', 'GET', '127.0.0.1', '[]', '2024-03-04 01:18:00', '2024-03-04 01:18:00'),
(459, 1, 'admin/products', 'GET', '127.0.0.1', '[]', '2024-03-04 01:18:03', '2024-03-04 01:18:03');
INSERT INTO `admin_operation_log` (`id`, `user_id`, `path`, `method`, `ip`, `input`, `created_at`, `updated_at`) VALUES
(460, 1, 'admin/products', 'GET', '127.0.0.1', '[]', '2024-03-04 01:18:19', '2024-03-04 01:18:19'),
(461, 1, 'admin/products/create', 'GET', '127.0.0.1', '[]', '2024-03-04 01:20:39', '2024-03-04 01:20:39'),
(462, 1, 'admin/products/create', 'GET', '127.0.0.1', '[]', '2024-03-04 01:30:37', '2024-03-04 01:30:37'),
(463, 1, 'admin/products', 'POST', '127.0.0.1', '{\"description\":\"balon\",\"price\":\"20000\",\"stock\":\"15\",\"_token\":\"lGBMSBSKRi2LtOgJLNZU6Gxp3gKfnvNpL5PN4Nzm\"}', '2024-03-04 01:32:59', '2024-03-04 01:32:59'),
(464, 1, 'admin/products', 'GET', '127.0.0.1', '[]', '2024-03-04 01:32:59', '2024-03-04 01:32:59'),
(465, 1, 'admin/products/create', 'GET', '127.0.0.1', '[]', '2024-03-04 01:34:30', '2024-03-04 01:34:30'),
(466, 1, 'admin/products', 'POST', '127.0.0.1', '{\"description\":\"Camiseta de millonariosfc\",\"price\":\"50000\",\"stock\":\"58\",\"_token\":\"lGBMSBSKRi2LtOgJLNZU6Gxp3gKfnvNpL5PN4Nzm\"}', '2024-03-04 01:36:02', '2024-03-04 01:36:02'),
(467, 1, 'admin/products', 'GET', '127.0.0.1', '[]', '2024-03-04 01:36:02', '2024-03-04 01:36:02'),
(468, 1, 'admin/products/create', 'GET', '127.0.0.1', '[]', '2024-03-04 01:36:43', '2024-03-04 01:36:43'),
(469, 1, 'admin/products', 'POST', '127.0.0.1', '{\"description\":\"MacBook Air\",\"price\":\"7000000\",\"stock\":\"5\",\"image_file_del_\":\"new\\/raw.jfif,\",\"_token\":\"lGBMSBSKRi2LtOgJLNZU6Gxp3gKfnvNpL5PN4Nzm\"}', '2024-03-04 01:40:44', '2024-03-04 01:40:44'),
(470, 1, 'admin/products/create', 'GET', '127.0.0.1', '[]', '2024-03-04 01:40:44', '2024-03-04 01:40:44'),
(471, 1, 'admin/products', 'POST', '127.0.0.1', '{\"description\":\"MacBook Air\",\"price\":\"700\",\"stock\":\"5\",\"_token\":\"lGBMSBSKRi2LtOgJLNZU6Gxp3gKfnvNpL5PN4Nzm\"}', '2024-03-04 01:41:08', '2024-03-04 01:41:08'),
(472, 1, 'admin/products', 'GET', '127.0.0.1', '[]', '2024-03-04 01:41:08', '2024-03-04 01:41:08'),
(473, 1, 'admin/products/create', 'GET', '127.0.0.1', '[]', '2024-03-04 01:42:20', '2024-03-04 01:42:20'),
(474, 1, 'admin/products', 'POST', '127.0.0.1', '{\"description\":\"play 5\",\"price\":\"4000\",\"stock\":\"6\",\"_token\":\"lGBMSBSKRi2LtOgJLNZU6Gxp3gKfnvNpL5PN4Nzm\"}', '2024-03-04 01:43:29', '2024-03-04 01:43:29'),
(475, 1, 'admin/products', 'GET', '127.0.0.1', '[]', '2024-03-04 01:43:29', '2024-03-04 01:43:29'),
(476, 1, 'admin/auth/permissions', 'GET', '127.0.0.1', '[]', '2024-03-04 01:45:22', '2024-03-04 01:45:22'),
(477, 1, 'admin/auth/permissions/create', 'GET', '127.0.0.1', '[]', '2024-03-04 01:45:24', '2024-03-04 01:45:24'),
(478, 1, 'admin/auth/permissions', 'POST', '127.0.0.1', '{\"slug\":\"products\",\"name\":\"products\",\"http_method\":[\"GET\",null],\"search_terms\":null,\"http_path\":\"\\/products\",\"_token\":\"lGBMSBSKRi2LtOgJLNZU6Gxp3gKfnvNpL5PN4Nzm\"}', '2024-03-04 01:45:57', '2024-03-04 01:45:57'),
(479, 1, 'admin/auth/permissions', 'GET', '127.0.0.1', '[]', '2024-03-04 01:45:58', '2024-03-04 01:45:58'),
(480, 1, 'admin/auth/users', 'GET', '127.0.0.1', '[]', '2024-03-04 01:46:11', '2024-03-04 01:46:11'),
(481, 1, 'admin/auth/users/1/edit', 'GET', '127.0.0.1', '[]', '2024-03-04 01:46:37', '2024-03-04 01:46:37'),
(482, 1, 'admin/auth/users', 'GET', '127.0.0.1', '[]', '2024-03-04 01:48:05', '2024-03-04 01:48:05'),
(483, 1, 'admin/auth/users', 'GET', '127.0.0.1', '[]', '2024-03-04 01:48:06', '2024-03-04 01:48:06'),
(484, 1, 'admin/auth/roles', 'GET', '127.0.0.1', '[]', '2024-03-04 01:48:21', '2024-03-04 01:48:21'),
(485, 1, 'admin/auth/roles/create', 'GET', '127.0.0.1', '[]', '2024-03-04 01:48:25', '2024-03-04 01:48:25'),
(486, 1, 'admin/auth/roles', 'POST', '127.0.0.1', '{\"slug\":\"invitado\",\"name\":\"invitado\",\"permissions\":[\"7\",null],\"_token\":\"lGBMSBSKRi2LtOgJLNZU6Gxp3gKfnvNpL5PN4Nzm\"}', '2024-03-04 01:48:44', '2024-03-04 01:48:44'),
(487, 1, 'admin/auth/roles', 'GET', '127.0.0.1', '[]', '2024-03-04 01:48:44', '2024-03-04 01:48:44'),
(488, 1, 'admin/auth/users', 'GET', '127.0.0.1', '[]', '2024-03-04 01:49:27', '2024-03-04 01:49:27'),
(489, 1, 'admin/auth/users/create', 'GET', '127.0.0.1', '[]', '2024-03-04 01:49:33', '2024-03-04 01:49:33'),
(490, 1, 'admin/auth/users', 'POST', '127.0.0.1', '{\"username\":\"andrea\",\"name\":\"andrea parra\",\"password\":\"*****-filtered-out-*****\",\"password_confirmation\":\"123456789\",\"roles\":[\"2\",null],\"search_terms\":null,\"permissions\":[\"7\",null],\"_token\":\"lGBMSBSKRi2LtOgJLNZU6Gxp3gKfnvNpL5PN4Nzm\"}', '2024-03-04 01:50:56', '2024-03-04 01:50:56'),
(491, 1, 'admin/auth/users', 'GET', '127.0.0.1', '[]', '2024-03-04 01:50:57', '2024-03-04 01:50:57'),
(492, 1, 'admin/auth/logout', 'GET', '127.0.0.1', '[]', '2024-03-04 01:51:04', '2024-03-04 01:51:04'),
(493, 2, 'admin', 'GET', '127.0.0.1', '[]', '2024-03-04 01:51:17', '2024-03-04 01:51:17'),
(494, 2, 'admin/products', 'GET', '127.0.0.1', '[]', '2024-03-04 01:51:24', '2024-03-04 01:51:24'),
(495, 2, 'admin', 'GET', '127.0.0.1', '[]', '2024-03-04 02:23:04', '2024-03-04 02:23:04'),
(496, 2, 'admin/products', 'GET', '127.0.0.1', '[]', '2024-03-04 02:23:06', '2024-03-04 02:23:06'),
(497, 2, 'admin/auth/logout', 'GET', '127.0.0.1', '[]', '2024-03-04 02:23:12', '2024-03-04 02:23:12'),
(498, 1, 'admin', 'GET', '127.0.0.1', '[]', '2024-03-04 02:23:22', '2024-03-04 02:23:22'),
(499, 1, 'admin/products', 'GET', '127.0.0.1', '[]', '2024-03-04 02:23:28', '2024-03-04 02:23:28'),
(500, 1, 'admin', 'GET', '127.0.0.1', '[]', '2024-03-09 17:42:56', '2024-03-09 17:42:56'),
(501, 1, 'admin', 'GET', '127.0.0.1', '[]', '2024-03-09 17:43:04', '2024-03-09 17:43:04'),
(502, 1, 'admin/products', 'GET', '127.0.0.1', '[]', '2024-03-09 17:43:06', '2024-03-09 17:43:06'),
(503, 1, 'admin', 'GET', '127.0.0.1', '[]', '2024-03-10 02:03:03', '2024-03-10 02:03:03'),
(504, 1, 'admin/products', 'GET', '127.0.0.1', '[]', '2024-03-10 02:03:09', '2024-03-10 02:03:09'),
(505, 1, 'admin/auth/users', 'GET', '127.0.0.1', '[]', '2024-03-10 02:03:23', '2024-03-10 02:03:23'),
(506, 1, 'admin/auth/users/2', 'GET', '127.0.0.1', '[]', '2024-03-10 02:03:31', '2024-03-10 02:03:31'),
(507, 1, 'admin/helpers/scaffold', 'GET', '127.0.0.1', '[]', '2024-03-10 02:03:49', '2024-03-10 02:03:49'),
(508, 1, 'admin/helpers/terminal/database', 'GET', '127.0.0.1', '[]', '2024-03-10 02:03:51', '2024-03-10 02:03:51'),
(509, 1, 'admin/products', 'GET', '127.0.0.1', '[]', '2024-03-10 02:03:53', '2024-03-10 02:03:53');

-- --------------------------------------------------------

--
-- Estructura de tabla para la tabla `admin_permissions`
--

CREATE TABLE `admin_permissions` (
  `id` int(10) UNSIGNED NOT NULL,
  `name` varchar(50) NOT NULL,
  `slug` varchar(50) NOT NULL,
  `http_method` varchar(191) DEFAULT NULL,
  `http_path` text DEFAULT NULL,
  `created_at` timestamp NULL DEFAULT NULL,
  `updated_at` timestamp NULL DEFAULT NULL
) ENGINE=InnoDB DEFAULT CHARSET=utf8mb4 COLLATE=utf8mb4_unicode_ci;

--
-- Volcado de datos para la tabla `admin_permissions`
--

INSERT INTO `admin_permissions` (`id`, `name`, `slug`, `http_method`, `http_path`, `created_at`, `updated_at`) VALUES
(1, 'All permission', '*', '', '*', NULL, NULL),
(2, 'Dashboard', 'dashboard', 'GET', '/', NULL, NULL),
(3, 'Login', 'auth.login', '', '/auth/login\r\n/auth/logout', NULL, NULL),
(4, 'User setting', 'auth.setting', 'GET,PUT', '/auth/setting', NULL, NULL),
(5, 'Auth management', 'auth.management', '', '/auth/roles\r\n/auth/permissions\r\n/auth/menu\r\n/auth/logs', NULL, NULL),
(6, 'Admin helpers', 'ext.helpers', '', '/helpers/*', '2024-03-04 00:26:13', '2024-03-04 00:26:13'),
(7, 'products', 'products', 'GET', '/products', '2024-03-04 01:45:57', '2024-03-04 01:45:57');

-- --------------------------------------------------------

--
-- Estructura de tabla para la tabla `admin_roles`
--

CREATE TABLE `admin_roles` (
  `id` int(10) UNSIGNED NOT NULL,
  `name` varchar(50) NOT NULL,
  `slug` varchar(50) NOT NULL,
  `created_at` timestamp NULL DEFAULT NULL,
  `updated_at` timestamp NULL DEFAULT NULL
) ENGINE=InnoDB DEFAULT CHARSET=utf8mb4 COLLATE=utf8mb4_unicode_ci;

--
-- Volcado de datos para la tabla `admin_roles`
--

INSERT INTO `admin_roles` (`id`, `name`, `slug`, `created_at`, `updated_at`) VALUES
(1, 'Administrator', 'administrator', '2024-03-04 00:18:09', '2024-03-04 00:18:09'),
(2, 'invitado', 'invitado', '2024-03-04 01:48:44', '2024-03-04 01:48:44');

-- --------------------------------------------------------

--
-- Estructura de tabla para la tabla `admin_role_menu`
--

CREATE TABLE `admin_role_menu` (
  `role_id` int(11) NOT NULL,
  `menu_id` int(11) NOT NULL,
  `created_at` timestamp NULL DEFAULT NULL,
  `updated_at` timestamp NULL DEFAULT NULL
) ENGINE=InnoDB DEFAULT CHARSET=utf8mb4 COLLATE=utf8mb4_unicode_ci;

--
-- Volcado de datos para la tabla `admin_role_menu`
--

INSERT INTO `admin_role_menu` (`role_id`, `menu_id`, `created_at`, `updated_at`) VALUES
(1, 2, NULL, NULL);

-- --------------------------------------------------------

--
-- Estructura de tabla para la tabla `admin_role_permissions`
--

CREATE TABLE `admin_role_permissions` (
  `role_id` int(11) NOT NULL,
  `permission_id` int(11) NOT NULL,
  `created_at` timestamp NULL DEFAULT NULL,
  `updated_at` timestamp NULL DEFAULT NULL
) ENGINE=InnoDB DEFAULT CHARSET=utf8mb4 COLLATE=utf8mb4_unicode_ci;

--
-- Volcado de datos para la tabla `admin_role_permissions`
--

INSERT INTO `admin_role_permissions` (`role_id`, `permission_id`, `created_at`, `updated_at`) VALUES
(1, 1, NULL, NULL),
(2, 7, NULL, NULL);

-- --------------------------------------------------------

--
-- Estructura de tabla para la tabla `admin_role_users`
--

CREATE TABLE `admin_role_users` (
  `role_id` int(11) NOT NULL,
  `user_id` int(11) NOT NULL,
  `created_at` timestamp NULL DEFAULT NULL,
  `updated_at` timestamp NULL DEFAULT NULL
) ENGINE=InnoDB DEFAULT CHARSET=utf8mb4 COLLATE=utf8mb4_unicode_ci;

--
-- Volcado de datos para la tabla `admin_role_users`
--

INSERT INTO `admin_role_users` (`role_id`, `user_id`, `created_at`, `updated_at`) VALUES
(1, 1, NULL, NULL),
(2, 2, NULL, NULL);

-- --------------------------------------------------------

--
-- Estructura de tabla para la tabla `admin_users`
--

CREATE TABLE `admin_users` (
  `id` int(10) UNSIGNED NOT NULL,
  `username` varchar(190) NOT NULL,
  `password` varchar(60) NOT NULL,
  `name` varchar(191) NOT NULL,
  `avatar` varchar(191) DEFAULT NULL,
  `remember_token` varchar(100) DEFAULT NULL,
  `created_at` timestamp NULL DEFAULT NULL,
  `updated_at` timestamp NULL DEFAULT NULL
) ENGINE=InnoDB DEFAULT CHARSET=utf8mb4 COLLATE=utf8mb4_unicode_ci;

--
-- Volcado de datos para la tabla `admin_users`
--

INSERT INTO `admin_users` (`id`, `username`, `password`, `name`, `avatar`, `remember_token`, `created_at`, `updated_at`) VALUES
(1, 'admin', '$2y$12$IAtOp0JzFMK3tYCe4V//COYB6ffMeYXomjZcHSfUGcwZYHS3M.gRy', 'Administrator', NULL, NULL, '2024-03-04 00:18:09', '2024-03-04 00:18:09'),
(2, 'andrea', '$2y$12$lVzme4SzRafSiEJyoj7kxuxEKIs4MBbbPYp.i7dlPaJjCaCvsDduS', 'andrea parra', NULL, NULL, '2024-03-04 01:50:57', '2024-03-04 01:50:57');

-- --------------------------------------------------------

--
-- Estructura de tabla para la tabla `admin_user_permissions`
--

CREATE TABLE `admin_user_permissions` (
  `user_id` int(11) NOT NULL,
  `permission_id` int(11) NOT NULL,
  `created_at` timestamp NULL DEFAULT NULL,
  `updated_at` timestamp NULL DEFAULT NULL
) ENGINE=InnoDB DEFAULT CHARSET=utf8mb4 COLLATE=utf8mb4_unicode_ci;

--
-- Volcado de datos para la tabla `admin_user_permissions`
--

INSERT INTO `admin_user_permissions` (`user_id`, `permission_id`, `created_at`, `updated_at`) VALUES
(2, 7, NULL, NULL);

-- --------------------------------------------------------

--
-- Estructura de tabla para la tabla `failed_jobs`
--

CREATE TABLE `failed_jobs` (
  `id` bigint(20) UNSIGNED NOT NULL,
  `uuid` varchar(191) NOT NULL,
  `connection` text NOT NULL,
  `queue` text NOT NULL,
  `payload` longtext NOT NULL,
  `exception` longtext NOT NULL,
  `failed_at` timestamp NOT NULL DEFAULT current_timestamp()
) ENGINE=InnoDB DEFAULT CHARSET=utf8mb4 COLLATE=utf8mb4_unicode_ci;

-- --------------------------------------------------------

--
-- Estructura de tabla para la tabla `migrations`
--

CREATE TABLE `migrations` (
  `id` int(10) UNSIGNED NOT NULL,
  `migration` varchar(191) NOT NULL,
  `batch` int(11) NOT NULL
) ENGINE=InnoDB DEFAULT CHARSET=utf8mb4 COLLATE=utf8mb4_unicode_ci;

--
-- Volcado de datos para la tabla `migrations`
--

INSERT INTO `migrations` (`id`, `migration`, `batch`) VALUES
(1, '2014_10_12_000000_create_users_table', 1),
(2, '2014_10_12_100000_create_password_reset_tokens_table', 1),
(3, '2019_08_19_000000_create_failed_jobs_table', 1),
(4, '2019_12_14_000001_create_personal_access_tokens_table', 1),
(5, '2016_01_04_173148_create_admin_tables', 2),
(6, '2024_03_03_193214_create_product_table', 3),
(7, '2024_03_03_201759_create_products_table', 4);

-- --------------------------------------------------------

--
-- Estructura de tabla para la tabla `password_reset_tokens`
--

CREATE TABLE `password_reset_tokens` (
  `email` varchar(191) NOT NULL,
  `token` varchar(191) NOT NULL,
  `created_at` timestamp NULL DEFAULT NULL
) ENGINE=InnoDB DEFAULT CHARSET=utf8mb4 COLLATE=utf8mb4_unicode_ci;

-- --------------------------------------------------------

--
-- Estructura de tabla para la tabla `personal_access_tokens`
--

CREATE TABLE `personal_access_tokens` (
  `id` bigint(20) UNSIGNED NOT NULL,
  `tokenable_type` varchar(191) NOT NULL,
  `tokenable_id` bigint(20) UNSIGNED NOT NULL,
  `name` varchar(191) NOT NULL,
  `token` varchar(64) NOT NULL,
  `abilities` text DEFAULT NULL,
  `last_used_at` timestamp NULL DEFAULT NULL,
  `expires_at` timestamp NULL DEFAULT NULL,
  `created_at` timestamp NULL DEFAULT NULL,
  `updated_at` timestamp NULL DEFAULT NULL
) ENGINE=InnoDB DEFAULT CHARSET=utf8mb4 COLLATE=utf8mb4_unicode_ci;

-- --------------------------------------------------------

--
-- Estructura de tabla para la tabla `product`
--

CREATE TABLE `product` (
  `id` int(10) UNSIGNED NOT NULL,
  `description` varchar(191) DEFAULT NULL,
  `price` decimal(8,2) DEFAULT NULL,
  `stock` int(11) DEFAULT NULL,
  `image` varchar(191) DEFAULT NULL,
  `created_at` timestamp NULL DEFAULT NULL,
  `updated_at` timestamp NULL DEFAULT NULL
) ENGINE=InnoDB DEFAULT CHARSET=utf8mb4 COLLATE=utf8mb4_unicode_ci;

-- --------------------------------------------------------

--
-- Estructura de tabla para la tabla `products`
--

CREATE TABLE `products` (
  `id` int(10) UNSIGNED NOT NULL,
  `description` varchar(191) DEFAULT NULL,
  `price` decimal(8,2) DEFAULT NULL,
  `stock` int(11) DEFAULT NULL,
  `image` varchar(191) DEFAULT NULL,
  `created_at` timestamp NULL DEFAULT NULL,
  `updated_at` timestamp NULL DEFAULT NULL
) ENGINE=InnoDB DEFAULT CHARSET=utf8mb4 COLLATE=utf8mb4_unicode_ci;

--
-- Volcado de datos para la tabla `products`
--

INSERT INTO `products` (`id`, `description`, `price`, `stock`, `image`, `created_at`, `updated_at`) VALUES
(1, 'balon', 20000.00, 15, 'images/balon-futbol-sensor-dreamstime.jpg', '2024-03-04 01:32:59', '2024-03-04 01:32:59'),
(2, 'Camiseta de millonariosfc', 50000.00, 58, 'images/CAMISETAOFICIALMUJER2024_370x.webp', '2024-03-04 01:36:02', '2024-03-04 01:36:02'),
(3, 'MacBook Air', 700.00, 5, 'images/apple_macbook_pro_2021_16_inch_silver_800_0002.jpg', '2024-03-04 01:41:08', '2024-03-04 01:41:08'),
(4, 'play 5', 4000.00, 6, 'images/NomadaWare_play_station_5_god_of_ware.webp', '2024-03-04 01:43:29', '2024-03-04 01:43:29');

-- --------------------------------------------------------

--
-- Estructura de tabla para la tabla `users`
--

CREATE TABLE `users` (
  `id` bigint(20) UNSIGNED NOT NULL,
  `name` varchar(191) NOT NULL,
  `email` varchar(191) NOT NULL,
  `email_verified_at` timestamp NULL DEFAULT NULL,
  `password` varchar(191) NOT NULL,
  `remember_token` varchar(100) DEFAULT NULL,
  `created_at` timestamp NULL DEFAULT NULL,
  `updated_at` timestamp NULL DEFAULT NULL
) ENGINE=InnoDB DEFAULT CHARSET=utf8mb4 COLLATE=utf8mb4_unicode_ci;

--
-- Índices para tablas volcadas
--

--
-- Indices de la tabla `admin_menu`
--
ALTER TABLE `admin_menu`
  ADD PRIMARY KEY (`id`);

--
-- Indices de la tabla `admin_operation_log`
--
ALTER TABLE `admin_operation_log`
  ADD PRIMARY KEY (`id`),
  ADD KEY `admin_operation_log_user_id_index` (`user_id`);

--
-- Indices de la tabla `admin_permissions`
--
ALTER TABLE `admin_permissions`
  ADD PRIMARY KEY (`id`),
  ADD UNIQUE KEY `admin_permissions_name_unique` (`name`),
  ADD UNIQUE KEY `admin_permissions_slug_unique` (`slug`);

--
-- Indices de la tabla `admin_roles`
--
ALTER TABLE `admin_roles`
  ADD PRIMARY KEY (`id`),
  ADD UNIQUE KEY `admin_roles_name_unique` (`name`),
  ADD UNIQUE KEY `admin_roles_slug_unique` (`slug`);

--
-- Indices de la tabla `admin_role_menu`
--
ALTER TABLE `admin_role_menu`
  ADD KEY `admin_role_menu_role_id_menu_id_index` (`role_id`,`menu_id`);

--
-- Indices de la tabla `admin_role_permissions`
--
ALTER TABLE `admin_role_permissions`
  ADD KEY `admin_role_permissions_role_id_permission_id_index` (`role_id`,`permission_id`);

--
-- Indices de la tabla `admin_role_users`
--
ALTER TABLE `admin_role_users`
  ADD KEY `admin_role_users_role_id_user_id_index` (`role_id`,`user_id`);

--
-- Indices de la tabla `admin_users`
--
ALTER TABLE `admin_users`
  ADD PRIMARY KEY (`id`),
  ADD UNIQUE KEY `admin_users_username_unique` (`username`);

--
-- Indices de la tabla `admin_user_permissions`
--
ALTER TABLE `admin_user_permissions`
  ADD KEY `admin_user_permissions_user_id_permission_id_index` (`user_id`,`permission_id`);

--
-- Indices de la tabla `failed_jobs`
--
ALTER TABLE `failed_jobs`
  ADD PRIMARY KEY (`id`),
  ADD UNIQUE KEY `failed_jobs_uuid_unique` (`uuid`);

--
-- Indices de la tabla `migrations`
--
ALTER TABLE `migrations`
  ADD PRIMARY KEY (`id`);

--
-- Indices de la tabla `password_reset_tokens`
--
ALTER TABLE `password_reset_tokens`
  ADD PRIMARY KEY (`email`);

--
-- Indices de la tabla `personal_access_tokens`
--
ALTER TABLE `personal_access_tokens`
  ADD PRIMARY KEY (`id`),
  ADD UNIQUE KEY `personal_access_tokens_token_unique` (`token`),
  ADD KEY `personal_access_tokens_tokenable_type_tokenable_id_index` (`tokenable_type`,`tokenable_id`);

--
-- Indices de la tabla `product`
--
ALTER TABLE `product`
  ADD PRIMARY KEY (`id`);

--
-- Indices de la tabla `products`
--
ALTER TABLE `products`
  ADD PRIMARY KEY (`id`);

--
-- Indices de la tabla `users`
--
ALTER TABLE `users`
  ADD PRIMARY KEY (`id`),
  ADD UNIQUE KEY `users_email_unique` (`email`);

--
-- AUTO_INCREMENT de las tablas volcadas
--

--
-- AUTO_INCREMENT de la tabla `admin_menu`
--
ALTER TABLE `admin_menu`
  MODIFY `id` int(10) UNSIGNED NOT NULL AUTO_INCREMENT, AUTO_INCREMENT=15;

--
-- AUTO_INCREMENT de la tabla `admin_operation_log`
--
ALTER TABLE `admin_operation_log`
  MODIFY `id` int(10) UNSIGNED NOT NULL AUTO_INCREMENT, AUTO_INCREMENT=510;

--
-- AUTO_INCREMENT de la tabla `admin_permissions`
--
ALTER TABLE `admin_permissions`
  MODIFY `id` int(10) UNSIGNED NOT NULL AUTO_INCREMENT, AUTO_INCREMENT=8;

--
-- AUTO_INCREMENT de la tabla `admin_roles`
--
ALTER TABLE `admin_roles`
  MODIFY `id` int(10) UNSIGNED NOT NULL AUTO_INCREMENT, AUTO_INCREMENT=3;

--
-- AUTO_INCREMENT de la tabla `admin_users`
--
ALTER TABLE `admin_users`
  MODIFY `id` int(10) UNSIGNED NOT NULL AUTO_INCREMENT, AUTO_INCREMENT=3;

--
-- AUTO_INCREMENT de la tabla `failed_jobs`
--
ALTER TABLE `failed_jobs`
  MODIFY `id` bigint(20) UNSIGNED NOT NULL AUTO_INCREMENT;

--
-- AUTO_INCREMENT de la tabla `migrations`
--
ALTER TABLE `migrations`
  MODIFY `id` int(10) UNSIGNED NOT NULL AUTO_INCREMENT, AUTO_INCREMENT=8;

--
-- AUTO_INCREMENT de la tabla `personal_access_tokens`
--
ALTER TABLE `personal_access_tokens`
  MODIFY `id` bigint(20) UNSIGNED NOT NULL AUTO_INCREMENT;

--
-- AUTO_INCREMENT de la tabla `product`
--
ALTER TABLE `product`
  MODIFY `id` int(10) UNSIGNED NOT NULL AUTO_INCREMENT;

--
-- AUTO_INCREMENT de la tabla `products`
--
ALTER TABLE `products`
  MODIFY `id` int(10) UNSIGNED NOT NULL AUTO_INCREMENT, AUTO_INCREMENT=5;

--
-- AUTO_INCREMENT de la tabla `users`
--
ALTER TABLE `users`
  MODIFY `id` bigint(20) UNSIGNED NOT NULL AUTO_INCREMENT;
COMMIT;

/*!40101 SET CHARACTER_SET_CLIENT=@OLD_CHARACTER_SET_CLIENT */;
/*!40101 SET CHARACTER_SET_RESULTS=@OLD_CHARACTER_SET_RESULTS */;
/*!40101 SET COLLATION_CONNECTION=@OLD_COLLATION_CONNECTION */;
